timestamp_hour,sun_elevation_deg,target_angle_deg,shaft_angle_deg,angle_error_deg,ldr_top_val,ldr_bot_val,ldr_diff,ldr_avg_brightness,solar_voltage_v,solar_current_a,solar_power_w,battery_voltage_v,temperature_c,humidity_pct,motor_status,motor_current_a,worm_backlash_deg,system_status,tracking_action,health_score
6.78,15.1,-30.5,-30.5,0.1,3953,3944,9,3948,10.74,0.28,3.01,12.26,32.3,48.9,0,0.22,0.028,NOMINAL,HOLD,95
14.38,60.9,13.9,11.4,2.5,4025,3971,54,3998,10.73,1.27,13.63,12.46,36.7,43.0,1,1.52,0.023,NOMINAL,STEP_CW,97
11.28,73.7,-4.2,-4.2,0.0,3891,4016,-1,3953,9.86,0.63,6.21,11.98,36.3,54.6,0,0.22,0.031,SOILED_PANEL,HOLD,75
16.24,33.3,24.7,24.7,0.1,3945,3957,-12,3951,10.7,0.72,7.7,12.45,35.4,47.1,0,0.22,0.027,NOMINAL,HOLD,97
11.13,73.1,-5.1,-5.1,0.0,3971,3868,10,3919,10.23,0.58,5.93,11.89,33.4,50.9,0,0.21,0.028,SOILED_PANEL,HOLD,72
8.92,51.9,-18.0,-18.0,0.2,3969,3982,-13,3975,10.71,1.06,11.35,12.39,37.0,45.4,0,0.23,0.031,NOMINAL,HOLD,96
10.85,71.6,-6.7,-4.1,2.6,3898,3967,-69,3932,10.64,1.45,15.43,12.6,38.5,42.0,1,1.51,0.023,NOMINAL,STEP_CCW,96
7.5,28.7,-26.2,-26.2,0.0,3960,3954,6,3957,10.6,0.55,5.83,12.33,35.3,48.3,0,0.23,0.035,NOMINAL,HOLD,95
7.76,33.3,-24.7,-21.3,3.4,3957,3993,-36,3975,10.6,0.68,7.21,12.47,35.4,46.6,1,1.5,0.028,NOMINAL,STEP_CCW,96
7.67,31.8,-25.3,-25.3,0.3,4017,4015,2,4016,10.58,0.63,6.67,12.46,35.4,49.4,0,0.19,0.029,NOMINAL,HOLD,98
19.0,0.0,0.0,0.8,0.8,237,202,35,219,0.14,0.0,0.0,12.29,27.7,56.7,0,0.21,0.021,NIGHT_HOLD,PARK_ZERO,98
14.92,54.1,17.1,17.1,0.1,3961,3958,3,3959,10.73,1.1,11.8,12.43,36.4,45.7,0,0.2,0.023,NOMINAL,HOLD,97
14.02,64.8,11.8,11.8,0.0,3997,4006,6,4001,10.33,1.27,13.12,11.84,49.1,33.5,0,0.24,0.03,THERMAL_OVERHEAT,HOLD,66
9.02,53.3,-17.4,-13.8,3.6,3934,4015,-81,3974,10.67,1.07,11.42,12.41,37.1,45.2,1,1.51,0.027,NOMINAL,STEP_CCW,98
8.59,47.1,-19.9,-19.9,0.1,3992,3993,-1,3992,10.69,0.98,10.48,12.55,35.0,45.3,0,0.21,0.025,NOMINAL,HOLD,95
9.52,59.8,-14.5,-14.9,0.4,3936,3990,-54,3963,10.0,1.36,13.6,11.55,42.9,47.5,1,2.13,0.15,MECHANICAL_JAM,STEP_CCW,45
16.69,25.2,27.4,25.5,1.9,4011,3954,57,3982,10.59,0.48,5.08,12.31,35.0,47.7,1,1.51,0.032,NOMINAL,STEP_CW,98
13.97,65.3,11.5,11.5,0.0,3987,4000,2,3993,10.53,0.99,10.42,8.99,31.7,45.9,0,0.22,0.021,BATTERY_UNDERVOLTAGE,HOLD,70
4.5,0.0,0.0,-0.0,0.0,351,160,191,255,0.14,0.0,0.0,11.96,27.1,56.4,0,0.18,0.037,NIGHT_HOLD,PARK_ZERO,98
16.86,22.1,28.3,28.3,0.2,4019,4032,-13,4025,10.67,0.46,4.91,12.28,33.3,49.7,0,0.18,0.025,NOMINAL,HOLD,97
14.02,64.8,11.8,11.8,0.0,3988,4008,0,3998,10.56,1.48,15.63,11.81,53.3,33.6,0,0.21,0.041,THERMAL_OVERHEAT,HOLD,63
15.47,46.2,20.2,22.9,2.7,3780,3822,-42,3801,10.15,1.17,11.88,11.44,43.9,50.1,1,2.39,0.127,MECHANICAL_JAM,STEP_CCW,54
7.64,31.2,-25.4,-23.2,2.2,3934,3963,-29,3948,10.52,0.62,6.52,12.31,34.2,48.6,1,1.58,0.033,NOMINAL,STEP_CCW,99
16.46,29.4,26.0,24.3,1.7,3985,3932,53,3958,10.57,0.57,6.02,12.45,33.7,47.8,1,1.49,0.031,NOMINAL,STEP_CW,99
5.5,0.0,0.0,0.9,0.9,433,156,277,294,1.36,0.0,0.0,12.25,25.5,58.0,0,0.19,0.026,NIGHT_HOLD,PARK_ZERO,98
15.26,49.3,19.0,22.7,3.7,3909,3981,-72,3945,10.58,1.02,10.79,12.54,36.9,46.4,1,1.57,0.034,NOMINAL,STEP_CCW,96
17.24,14.9,30.6,26.9,3.7,3972,3945,27,3958,10.57,0.34,3.59,12.34,33.9,51.3,1,1.58,0.024,NOMINAL,STEP_CW,100
14.23,62.5,13.0,13.0,0.0,4019,3920,-5,3969,9.42,0.67,6.31,11.68,38.6,53.1,0,0.21,0.033,SOILED_PANEL,HOLD,68
15.64,43.4,21.3,21.3,0.0,3997,3871,-4,3934,10.52,0.9,9.47,9.78,34.3,59.1,0,0.19,0.039,BATTERY_UNDERVOLTAGE,HOLD,67
17.32,13.3,31.0,31.0,0.2,3980,3983,-3,3981,10.77,0.24,2.58,12.35,32.4,48.4,0,0.21,0.027,NOMINAL,HOLD,99
12.42,74.5,2.5,-0.9,3.4,3975,3907,68,3941,10.49,1.54,16.15,12.56,37.6,43.5,1,1.53,0.031,NOMINAL,STEP_CW,97
13.84,66.5,10.7,10.7,0.2,3956,3953,3,3954,10.67,1.36,14.51,12.6,36.7,43.4,0,0.19,0.026,NOMINAL,HOLD,95
9.1,54.4,-16.9,-16.9,0.0,4001,3948,4,3974,10.53,0.96,10.11,9.24,31.7,52.1,0,0.23,0.036,BATTERY_UNDERVOLTAGE,HOLD,67
9.62,60.9,-13.9,-13.9,0.2,3970,3982,-12,3976,10.54,1.23,12.96,12.43,36.4,43.8,0,0.22,0.033,NOMINAL,HOLD,95
16.25,33.2,24.8,24.8,0.2,4003,4005,-2,4004,10.51,0.7,7.36,12.46,35.4,49.1,0,0.2,0.032,NOMINAL,HOLD,96
14.75,56.4,16.0,16.0,0.0,3932,3918,-11,3925,9.81,0.67,6.57,11.5,33.1,47.0,0,0.23,0.031,SOILED_PANEL,HOLD,67
16.31,32.2,25.1,25.1,0.2,3994,3992,2,3993,10.63,0.69,7.33,12.42,34.5,46.7,0,0.23,0.024,NOMINAL,HOLD,100
14.22,62.7,13.0,12.9,0.1,3739,3787,-48,3763,10.37,1.02,10.58,11.47,43.1,42.8,1,2.18,0.107,MECHANICAL_JAM,STEP_CCW,49
7.21,23.3,-28.0,-28.0,0.2,3947,3948,-1,3947,10.6,0.51,5.41,12.34,34.3,50.3,0,0.19,0.031,NOMINAL,HOLD,98
16.87,21.9,28.4,28.4,0.1,3993,3979,14,3986,10.69,0.47,5.02,12.4,33.7,48.2,0,0.21,0.027,NOMINAL,HOLD,98
13.79,66.9,10.4,10.4,0.0,3903,3985,-10,3944,10.62,1.42,15.08,9.78,34.3,58.6,0,0.22,0.033,BATTERY_UNDERVOLTAGE,HOLD,66
7.99,37.4,-23.4,-23.4,0.0,3981,3983,-2,3982,10.57,0.79,8.35,12.38,35.5,48.3,0,0.19,0.024,NOMINAL,HOLD,95
14.74,56.5,16.0,16.0,0.3,4023,4030,-7,4026,10.76,1.12,12.05,12.41,36.0,45.8,0,0.18,0.029,NOMINAL,HOLD,96
13.02,72.4,5.9,5.9,0.0,3944,3855,2,3899,9.97,0.62,6.18,11.53,36.9,51.2,0,0.21,0.036,SOILED_PANEL,HOLD,66
9.15,55.1,-16.6,-16.6,0.0,3879,3947,9,3913,10.2,0.48,4.9,12.15,33.6,48.9,0,0.24,0.025,SOILED_PANEL,HOLD,73
15.85,40.0,22.5,22.5,0.0,3945,3941,4,3943,10.6,0.81,8.59,12.41,34.9,48.1,0,0.2,0.032,NOMINAL,HOLD,95
10.48,69.2,-8.8,-6.2,2.6,3929,4005,-76,3967,10.63,1.43,15.2,12.59,38.4,43.9,1,1.5,0.027,NOMINAL,STEP_CCW,100
10.05,65.4,-11.4,-11.4,0.3,3997,4003,-6,4000,10.61,1.35,14.32,12.52,36.3,44.7,0,0.19,0.023,NOMINAL,HOLD,96
9.58,60.5,-14.1,-14.1,0.0,3871,3952,7,3911,10.64,1.06,11.28,9.32,31.5,48.6,0,0.2,0.031,BATTERY_UNDERVOLTAGE,HOLD,68
13.6,68.5,9.4,9.4,0.2,3977,3989,-12,3983,10.68,1.39,14.85,12.58,37.4,43.0,0,0.19,0.026,NOMINAL,HOLD,100
10.37,68.3,-9.5,-9.5,0.1,3955,3962,-7,3958,10.56,1.42,15.0,12.65,37.8,41.7,0,0.22,0.031,NOMINAL,HOLD,97
17.24,14.8,30.6,30.6,0.1,3964,3975,-11,3969,10.58,0.29,3.07,12.32,32.4,48.2,0,0.2,0.021,NOMINAL,HOLD,97
7.89,35.6,-24.0,-21.3,2.7,3921,3951,-30,3936,10.61,0.73,7.75,12.33,34.0,49.0,1,1.56,0.027,NOMINAL,STEP_CCW,95
7.31,25.3,-27.3,-27.3,0.0,4012,4022,-10,4017,10.5,0.5,5.25,12.35,33.9,49.0,0,0.24,0.029,NOMINAL,HOLD,99
14.73,56.7,15.9,15.9,0.0,3988,4025,3,4006,10.25,1.39,14.25,12.17,54.2,37.5,0,0.21,0.034,THERMAL_OVERHEAT,HOLD,65
10.44,68.8,-9.1,-9.1,0.0,3941,3819,-7,3880,9.2,0.51,4.69,11.88,34.3,43.5,0,0.24,0.034,SOILED_PANEL,HOLD,69
18.5,0.0,0.0,0.8,0.8,400,381,19,390,1.65,0.0,0.0,12.34,24.6,65.9,0,0.22,0.038,NIGHT_HOLD,PARK_ZERO,98
7.29,24.8,-27.5,-27.5,0.1,4012,4003,9,4007,10.6,0.51,5.41,12.29,33.8,47.8,0,0.24,0.028,NOMINAL,HOLD,98
9.24,56.2,-16.1,-16.1,0.0,3910,3988,-2,3949,9.86,0.36,3.55,11.58,37.4,52.9,0,0.23,0.02,SOILED_PANEL,HOLD,74
9.46,59.1,-14.8,-14.8,0.2,4006,4005,1,4005,10.74,1.19,12.78,12.53,37.0,44.1,0,0.22,0.021,NOMINAL,HOLD,97
10.03,65.3,-11.5,-11.5,0.0,4028,4029,-1,4028,10.67,1.33,14.19,12.6,36.3,41.7,0,0.21,0.024,NOMINAL,HOLD,95
10.95,72.2,-6.1,-6.1,0.3,4009,4002,7,4005,10.49,1.48,15.53,12.61,37.8,42.1,0,0.21,0.021,NOMINAL,HOLD,97
16.7,25.0,27.4,27.4,0.2,3943,3954,-11,3948,10.65,0.49,5.22,12.26,34.1,48.9,0,0.24,0.021,NOMINAL,HOLD,95
7.79,33.9,-24.5,-27.2,2.7,3987,3916,71,3951,10.55,0.72,7.6,12.48,34.2,47.7,1,1.55,0.026,NOMINAL,STEP_CW,99
16.17,34.5,24.3,26.5,2.2,3968,4003,-35,3985,10.71,0.69,7.39,12.28,35.2,48.7,1,1.53,0.029,NOMINAL,STEP_CCW,100
8.13,39.8,-22.5,-22.5,0.1,4009,4006,3,4007,10.75,0.85,9.14,12.51,34.7,46.2,0,0.2,0.033,NOMINAL,HOLD,98
20.0,0.0,0.0,0.4,0.4,275,277,-2,276,2.47,0.0,0.0,12.21,25.9,58.0,0,0.24,0.023,NIGHT_HOLD,PARK_ZERO,98
10.15,66.4,-10.8,-10.8,0.3,4007,4018,-11,4012,10.47,1.33,13.93,12.63,38.3,41.4,0,0.23,0.032,NOMINAL,HOLD,97
13.93,65.7,11.2,11.2,0.0,3966,3820,12,3893,10.36,1.17,12.12,9.33,37.6,54.4,0,0.23,0.03,BATTERY_UNDERVOLTAGE,HOLD,73
5.5,0.0,0.0,-0.5,0.5,430,227,203,328,2.49,0.0,0.0,12.17,24.6,57.0,0,0.22,0.037,NIGHT_HOLD,PARK_ZERO,98
14.13,63.6,12.4,14.0,1.6,3922,3957,-35,3939,10.58,1.28,13.54,12.55,37.2,44.7,1,1.52,0.023,NOMINAL,STEP_CCW,95
10.71,70.8,-7.5,-7.5,0.1,3958,3954,4,3956,10.66,1.45,15.46,12.61,38.5,42.4,0,0.19,0.024,NOMINAL,HOLD,99
11.65,74.7,-2.0,-2.0,0.0,3888,3950,-3,3919,9.9,0.5,4.95,11.6,38.8,43.0,0,0.22,0.03,SOILED_PANEL,HOLD,65
13.08,72.0,6.3,6.3,0.0,3987,3987,-10,3987,10.59,1.4,14.83,11.96,53.0,34.9,0,0.24,0.031,THERMAL_OVERHEAT,HOLD,64
15.66,43.1,21.4,24.8,3.4,3956,4027,-71,3991,10.54,0.86,9.06,12.38,36.0,47.3,1,1.59,0.03,NOMINAL,STEP_CCW,96
16.44,29.8,25.9,25.9,0.1,3944,3944,0,3944,10.69,0.58,6.2,12.32,34.9,46.7,0,0.21,0.022,NOMINAL,HOLD,99
10.52,69.5,-8.6,-8.6,0.1,3972,3981,-9,3976,10.75,1.46,15.7,12.53,38.3,44.0,0,0.23,0.027,NOMINAL,HOLD,95
14.8,55.7,16.3,16.3,0.0,4020,3973,11,3996,9.94,0.49,4.87,12.08,36.5,41.4,0,0.22,0.025,SOILED_PANEL,HOLD,63
13.9,65.9,11.1,11.1,0.2,4021,4009,12,4015,10.5,1.33,13.96,12.46,38.0,43.5,0,0.24,0.034,NOMINAL,HOLD,96
13.49,69.4,8.7,8.7,0.2,3992,3986,6,3989,10.48,1.39,14.57,12.67,36.8,41.7,0,0.19,0.028,NOMINAL,HOLD,98
13.88,66.1,10.9,7.0,3.9,4025,3973,52,3999,10.52,1.35,14.2,12.47,37.3,42.8,1,1.58,0.034,NOMINAL,STEP_CW,95
8.89,51.5,-18.1,-18.1,0.1,3952,3955,-3,3953,10.58,1.09,11.53,12.5,35.2,44.2,0,0.24,0.035,NOMINAL,HOLD,98
10.27,67.5,-10.1,-10.1,0.0,3963,3952,-12,3957,9.26,0.47,4.35,12.19,38.3,43.1,0,0.24,0.031,SOILED_PANEL,HOLD,71
14.96,53.6,17.3,16.1,1.2,3774,3839,-65,3806,10.59,1.17,12.39,11.84,36.9,50.7,1,2.17,0.105,MECHANICAL_JAM,STEP_CCW,52
6.67,13.2,-31.1,-31.1,0.0,4007,4008,-1,4007,10.49,0.27,2.83,12.24,33.2,50.1,0,0.19,0.023,NOMINAL,HOLD,99
4.5,0.0,0.0,-0.4,0.4,409,95,314,252,0.15,0.0,0.0,11.93,24.4,68.7,0,0.21,0.038,NIGHT_HOLD,PARK_ZERO,98
5.5,0.0,0.0,-0.4,0.4,155,113,42,134,0.32,0.0,0.0,12.06,25.5,69.2,0,0.2,0.032,NIGHT_HOLD,PARK_ZERO,98
12.06,75.0,0.3,0.3,0.0,3910,3825,10,3867,10.55,1.35,14.24,9.45,36.2,55.8,0,0.19,0.029,BATTERY_UNDERVOLTAGE,HOLD,68
15.6,44.1,21.0,21.0,0.2,3994,3998,-4,3996,10.55,0.94,9.92,12.47,35.5,44.5,0,0.2,0.021,NOMINAL,HOLD,98
13.43,69.8,8.4,8.4,0.0,4007,3833,5,3920,9.27,0.68,6.3,11.85,37.4,46.2,0,0.24,0.039,SOILED_PANEL,HOLD,68
14.43,60.3,14.2,17.2,3.0,3900,3963,-63,3931,10.53,1.25,13.16,12.47,36.0,45.3,1,1.56,0.026,NOMINAL,STEP_CCW,97
15.38,47.5,19.7,15.8,3.9,4029,3951,78,3990,10.66,0.94,10.02,12.54,36.5,44.7,1,1.57,0.023,NOMINAL,STEP_CW,100
16.64,26.2,27.0,27.0,0.1,4012,4022,-10,4017,10.49,0.56,5.87,12.43,33.3,48.6,0,0.22,0.026,NOMINAL,HOLD,98
10.7,70.7,-7.6,-7.6,0.0,3984,3883,9,3933,10.67,1.1,11.74,9.68,31.2,56.3,0,0.18,0.022,BATTERY_UNDERVOLTAGE,HOLD,72
11.84,74.9,-0.9,-0.9,0.1,4005,3995,10,4000,10.6,1.52,16.11,12.64,38.0,42.7,0,0.19,0.021,NOMINAL,HOLD,98
7.1,21.4,-28.6,-28.6,0.3,3957,3947,10,3952,10.56,0.41,4.33,12.31,33.6,47.7,0,0.23,0.028,NOMINAL,HOLD,96
15.67,43.0,21.4,19.7,1.7,3955,3874,81,3914,10.61,0.85,9.02,12.39,35.3,45.9,1,1.54,0.03,NOMINAL,STEP_CW,97
9.13,54.7,-16.8,-16.8,0.0,3883,3843,7,3863,9.71,0.59,5.73,11.69,35.5,41.6,0,0.22,0.028,SOILED_PANEL,HOLD,63
12.93,72.8,5.4,5.4,0.0,3993,3978,0,3985,10.49,1.22,12.8,12.18,52.7,29.9,0,0.25,0.037,THERMAL_OVERHEAT,HOLD,68
8.12,39.6,-22.6,-22.6,0.1,4017,4026,-9,4021,10.7,0.78,8.35,12.5,35.4,46.6,0,0.19,0.028,NOMINAL,HOLD,99
16.67,25.7,27.2,27.2,0.2,3981,3976,5,3978,10.66,0.5,5.33,12.25,33.9,47.8,0,0.23,0.024,NOMINAL,HOLD,95
7.74,33.0,-24.8,-24.8,0.0,3918,3915,-14,3916,10.23,1.33,13.61,8.88,36.9,57.8,0,0.22,0.03,BATTERY_UNDERVOLTAGE,HOLD,72
17.0,19.5,29.1,27.5,1.6,4023,3939,84,3981,10.57,0.4,4.23,12.23,32.7,47.8,1,1.57,0.033,NOMINAL,STEP_CW,97
7.43,27.4,-26.7,-26.7,0.0,3996,3988,8,3992,10.63,0.57,6.06,12.32,35.0,47.9,0,0.24,0.032,NOMINAL,HOLD,100
15.18,50.5,18.6,18.6,0.0,4011,4022,-11,4016,10.56,1.05,11.09,12.5,36.8,46.8,0,0.22,0.025,NOMINAL,HOLD,99
16.58,27.2,26.7,26.7,0.2,3990,3983,7,3986,10.68,0.52,5.55,12.36,34.5,47.7,0,0.19,0.022,NOMINAL,HOLD,100
14.63,58.0,15.3,15.3,0.2,4025,4019,6,4022,10.58,1.18,12.48,12.45,36.1,46.1,0,0.21,0.027,NOMINAL,HOLD,96
8.2,40.9,-22.1,-22.1,0.2,4009,4007,2,4008,10.74,0.8,8.59,12.39,35.8,45.1,0,0.23,0.026,NOMINAL,HOLD,96
13.54,69.0,9.0,9.9,0.9,3910,3872,38,3891,10.09,1.26,12.71,11.98,40.9,49.5,1,2.53,0.096,MECHANICAL_JAM,STEP_CW,52
15.09,51.8,18.0,18.0,0.0,3920,4013,-9,3966,10.38,1.45,15.05,9.78,33.7,49.2,0,0.2,0.031,BATTERY_UNDERVOLTAGE,HOLD,67
15.31,48.5,19.3,19.3,0.1,4001,3995,6,3998,10.64,0.96,10.21,12.53,36.6,44.7,0,0.23,0.031,NOMINAL,HOLD,97
12.15,74.9,0.9,-0.8,1.7,3978,3894,84,3936,10.74,1.57,16.86,12.58,37.8,41.5,1,1.59,0.026,NOMINAL,STEP_CW,95
12.08,75.0,0.5,0.5,0.0,3962,3992,-6,3977,10.17,1.29,13.12,12.3,53.9,29.4,0,0.24,0.039,THERMAL_OVERHEAT,HOLD,55
6.71,13.8,-30.9,-30.9,0.0,4017,4008,9,4012,10.5,0.27,2.83,12.23,32.2,49.8,0,0.21,0.032,NOMINAL,HOLD,98
20.0,0.0,0.0,0.2,0.2,88,403,-315,245,1.29,0.0,0.0,11.72,22.9,63.6,0,0.22,0.025,NIGHT_HOLD,PARK_ZERO,98
13.81,66.8,10.5,10.5,0.3,4007,4019,-12,4013,10.71,1.37,14.67,12.46,38.1,41.3,0,0.21,0.026,NOMINAL,HOLD,97
8.13,39.7,-22.6,-20.6,2.0,3997,3947,50,3972,10.39,1.07,11.12,11.24,40.4,50.1,1,2.2,0.135,MECHANICAL_JAM,STEP_CW,59
11.76,74.9,-1.4,-1.4,0.0,3998,3990,8,3994,10.53,1.56,16.43,12.68,37.6,41.3,0,0.18,0.026,NOMINAL,HOLD,99
6.9,17.6,-29.7,-29.7,0.1,3946,3933,13,3939,10.57,0.33,3.49,12.27,34.2,50.6,0,0.23,0.033,NOMINAL,HOLD,98
8.87,51.2,-18.3,-18.3,0.0,3977,3927,-4,3952,10.66,1.02,10.87,9.6,35.8,46.2,0,0.22,0.036,BATTERY_UNDERVOLTAGE,HOLD,73
8.03,37.9,-23.2,-23.2,0.0,3883,3969,-6,3926,10.35,1.1,11.38,9.23,35.5,50.3,0,0.18,0.037,BATTERY_UNDERVOLTAGE,HOLD,70
11.28,73.7,-4.2,-4.2,0.2,3949,3962,-13,3955,10.59,1.51,15.99,12.64,37.2,40.3,0,0.22,0.033,NOMINAL,HOLD,100
6.88,17.2,-29.9,-29.9,0.2,3986,3989,-3,3987,10.64,0.36,3.83,12.33,34.3,49.2,0,0.2,0.031,NOMINAL,HOLD,99
11.2,73.4,-4.7,-4.7,0.0,3880,3966,-4,3923,9.47,0.39,3.69,11.99,36.0,45.8,0,0.23,0.025,SOILED_PANEL,HOLD,66
8.86,51.1,-18.3,-18.3,0.2,3965,3964,1,3964,10.73,1.04,11.16,12.55,36.0,43.5,0,0.19,0.03,NOMINAL,HOLD,97
14.3,61.8,13.4,13.4,0.1,3960,3965,-5,3962,10.75,1.28,13.76,12.59,37.0,42.3,0,0.22,0.023,NOMINAL,HOLD,96
11.95,75.0,-0.3,-1.3,1.0,3982,4024,-42,4003,9.9,1.34,13.27,11.25,39.2,49.2,1,2.36,0.109,MECHANICAL_JAM,STEP_CCW,58
7.31,25.2,-27.4,-24.3,3.1,3952,4009,-57,3980,10.57,0.55,5.81,12.39,34.3,47.4,1,1.58,0.034,NOMINAL,STEP_CCW,98
16.05,36.6,23.6,20.8,2.8,3971,3926,45,3948,10.75,0.73,7.85,12.48,35.0,46.3,1,1.5,0.021,NOMINAL,STEP_CW,96
12.56,74.2,3.3,3.3,0.1,3951,3948,3,3949,10.52,1.56,16.41,12.53,38.3,43.0,0,0.21,0.029,NOMINAL,HOLD,99
5.5,0.0,0.0,-0.8,0.8,408,375,33,391,0.66,0.0,0.0,11.69,25.4,67.4,0,0.18,0.038,NIGHT_HOLD,PARK_ZERO,98
13.56,68.8,9.1,9.1,0.1,4027,4016,11,4021,10.61,1.43,15.17,12.5,37.3,42.7,0,0.2,0.025,NOMINAL,HOLD,96
14.18,63.1,12.7,12.7,0.0,3987,4020,-4,4003,10.69,0.63,6.73,9.17,34.5,49.8,0,0.21,0.025,BATTERY_UNDERVOLTAGE,HOLD,68
9.3,57.1,-15.7,-15.7,0.0,3898,3957,1,3927,9.47,0.65,6.16,11.53,34.6,48.7,0,0.22,0.035,SOILED_PANEL,HOLD,69
11.63,74.7,-2.1,0.6,2.7,3920,4000,-80,3960,10.76,1.51,16.25,12.57,37.1,42.0,1,1.55,0.033,NOMINAL,STEP_CCW,100
9.64,61.2,-13.7,-13.7,0.0,3973,3983,-10,3978,10.7,1.25,13.38,12.51,37.0,42.6,0,0.22,0.028,NOMINAL,HOLD,95
13.35,70.4,7.9,7.9,0.0,4020,3985,9,4002,10.44,1.24,12.95,12.39,51.8,35.9,0,0.22,0.049,THERMAL_OVERHEAT,HOLD,67
12.61,74.0,3.6,3.6,0.0,3902,3928,-11,3915,9.25,0.4,3.7,11.67,35.8,46.9,0,0.23,0.03,SOILED_PANEL,HOLD,67
10.0,65.0,-11.6,-11.6,0.2,3978,3966,12,3972,10.62,1.34,14.23,12.54,37.3,43.2,0,0.22,0.02,NOMINAL,HOLD,97
17.28,14.1,30.8,30.8,0.2,4028,4019,9,4023,10.65,0.27,2.88,12.31,34.1,50.4,0,0.22,0.023,NOMINAL,HOLD,95
8.38,43.7,-21.1,-21.1,0.2,3988,3976,12,3982,10.67,0.86,9.18,12.52,34.7,44.2,0,0.19,0.025,NOMINAL,HOLD,96
8.74,49.3,-19.0,-19.0,0.2,3947,3946,1,3946,10.63,1.02,10.84,12.56,35.9,44.9,0,0.22,0.034,NOMINAL,HOLD,98
10.27,67.4,-10.1,-10.1,0.2,4027,4018,9,4022,10.68,1.39,14.85,12.5,36.9,43.2,0,0.22,0.023,NOMINAL,HOLD,97
14.25,62.3,13.1,13.1,0.1,3984,3983,1,3983,10.75,1.3,13.97,12.49,37.1,43.9,0,0.21,0.033,NOMINAL,HOLD,98
17.0,19.4,29.2,27.0,2.2,3960,3916,44,3938,10.6,0.38,4.03,12.3,33.0,49.6,1,1.53,0.034,NOMINAL,STEP_CW,100
8.87,51.3,-18.2,-16.5,1.7,3971,3928,43,3949,9.98,1.02,10.18,11.28,38.6,46.7,1,2.47,0.09,MECHANICAL_JAM,STEP_CW,50
16.79,23.4,27.9,30.6,2.7,3913,3986,-73,3949,10.66,0.51,5.44,12.24,34.0,49.0,1,1.52,0.031,NOMINAL,STEP_CCW,95
8.43,44.5,-20.9,-19.0,1.9,3927,3954,-27,3940,10.59,0.91,9.64,12.52,36.5,47.8,1,1.62,0.033,NOMINAL,STEP_CCW,95
13.03,72.3,6.0,6.0,0.0,3885,3872,-1,3878,10.69,1.04,11.12,9.29,37.5,57.8,0,0.21,0.024,BATTERY_UNDERVOLTAGE,HOLD,66
14.31,61.7,13.5,13.5,0.0,3965,3865,7,3915,10.29,1.24,12.76,9.59,34.5,56.4,0,0.19,0.037,BATTERY_UNDERVOLTAGE,HOLD,71
12.17,74.9,1.0,1.0,0.2,3957,3966,-9,3961,10.75,1.5,16.12,12.58,37.9,41.1,0,0.21,0.025,NOMINAL,HOLD,99
6.63,12.2,-31.3,-31.3,0.2,4025,4038,-13,4031,10.56,0.24,2.53,12.27,33.8,51.2,0,0.19,0.025,NOMINAL,HOLD,95
16.85,22.3,28.3,28.3,0.1,4001,4011,-10,4006,10.69,0.47,5.02,12.3,33.9,48.9,0,0.19,0.028,NOMINAL,HOLD,100
14.88,54.7,16.8,16.8,0.2,3950,3939,11,3944,10.63,1.11,11.8,12.58,35.6,46.0,0,0.21,0.034,NOMINAL,HOLD,96
8.15,40.0,-22.5,-22.5,0.2,4027,4038,-11,4032,10.64,0.79,8.41,12.42,35.8,46.5,0,0.19,0.028,NOMINAL,HOLD,98
12.65,73.9,3.8,3.8,0.1,3990,4004,-14,3997,10.47,1.5,15.71,12.51,37.8,42.9,0,0.2,0.028,NOMINAL,HOLD,95
7.26,24.3,-27.7,-26.1,1.6,3914,3973,-59,3943,10.7,0.54,5.78,12.36,33.8,50.7,1,1.59,0.026,NOMINAL,STEP_CCW,98
14.05,64.5,11.9,11.9,0.0,4019,3967,10,3993,10.53,1.24,13.06,12.4,51.8,29.3,0,0.26,0.047,THERMAL_OVERHEAT,HOLD,67
19.0,0.0,0.0,-0.1,0.1,448,358,90,403,1.06,0.0,0.0,11.84,23.4,64.2,0,0.19,0.024,NIGHT_HOLD,PARK_ZERO,98
14.92,54.1,17.0,17.0,0.2,3942,3937,5,3939,10.49,1.12,11.75,12.48,36.7,46.3,0,0.19,0.024,NOMINAL,HOLD,95
9.08,54.1,-17.0,-17.0,0.3,3957,3970,-13,3963,10.56,1.14,12.04,12.53,36.0,45.2,0,0.21,0.03,NOMINAL,HOLD,97
15.01,52.9,17.6,21.0,3.4,3853,3904,-51,3878,10.02,1.18,11.82,11.67,41.9,43.8,1,2.47,0.119,MECHANICAL_JAM,STEP_CCW,46
16.86,22.1,28.3,28.3,0.2,4029,4033,-4,4031,10.51,0.44,4.62,12.37,33.7,50.5,0,0.2,0.025,NOMINAL,HOLD,100
11.78,74.9,-1.3,-1.3,0.0,3814,3943,1,3878,10.26,0.55,5.64,11.51,33.9,43.1,0,0.23,0.038,SOILED_PANEL,HOLD,75
13.61,68.5,9.4,9.4,0.0,3974,3956,-2,3965,10.29,1.38,14.2,11.82,49.5,36.0,0,0.24,0.043,THERMAL_OVERHEAT,HOLD,58
16.06,36.4,23.7,23.7,0.3,3967,3981,-14,3974,10.76,0.72,7.75,12.49,34.9,46.1,0,0.24,0.029,NOMINAL,HOLD,96
12.72,73.7,4.2,4.2,0.0,3991,3986,2,3988,10.33,1.39,14.36,11.99,51.5,36.8,0,0.23,0.046,THERMAL_OVERHEAT,HOLD,66
15.74,41.9,21.8,24.2,2.4,3896,3955,-59,3925,10.54,0.83,8.75,12.38,36.2,46.7,1,1.56,0.026,NOMINAL,STEP_CCW,96
9.84,63.3,-12.6,-12.1,0.5,3831,3865,-34,3848,10.41,1.14,11.87,11.78,41.9,46.6,1,2.5,0.105,MECHANICAL_JAM,STEP_CCW,49
11.87,75.0,-0.7,2.2,2.9,3913,3957,-44,3935,10.72,1.5,16.08,12.66,37.1,40.0,1,1.55,0.022,NOMINAL,STEP_CCW,100
13.66,68.1,9.7,6.3,3.4,3730,3766,-36,3748,10.29,1.23,12.66,11.69,39.9,46.9,1,2.1,0.119,MECHANICAL_JAM,STEP_CCW,45
19.0,0.0,0.0,0.1,0.1,226,88,138,157,1.26,0.0,0.0,12.13,24.6,73.8,0,0.19,0.038,NIGHT_HOLD,PARK_ZERO,98
9.15,55.1,-16.6,-16.6,0.1,3974,3977,-3,3975,10.49,1.17,12.27,12.49,35.9,45.4,0,0.23,0.024,NOMINAL,HOLD,95
15.94,38.5,23.0,21.3,1.7,3998,3948,50,3973,10.49,0.75,7.87,12.34,35.1,46.6,1,1.56,0.032,NOMINAL,STEP_CW,99
17.21,15.4,30.4,34.2,3.8,3906,3977,-71,3941,10.68,0.32,3.42,12.24,34.1,50.7,1,1.61,0.024,NOMINAL,STEP_CCW,99
6.86,16.8,-30.0,-27.7,2.3,3953,4025,-72,3989,10.72,0.37,3.97,12.38,32.9,50.0,1,1.5,0.029,NOMINAL,STEP_CCW,98
12.45,74.5,2.6,2.6,0.2,4028,4017,11,4022,10.62,1.57,16.67,12.51,37.8,43.4,0,0.22,0.025,NOMINAL,HOLD,99
10.86,71.7,-6.6,-8.2,1.6,4007,3964,43,3985,10.58,1.51,15.98,12.57,38.1,43.1,1,1.55,0.021,NOMINAL,STEP_CW,99
9.46,59.1,-14.8,-14.8,0.0,3818,3821,-7,3819,10.28,1.21,12.44,9.43,35.9,49.8,0,0.19,0.02,BATTERY_UNDERVOLTAGE,HOLD,69
14.87,54.7,16.8,16.8,0.0,3997,3998,-1,3997,10.62,1.09,11.58,12.41,36.5,45.1,0,0.21,0.032,NOMINAL,HOLD,98
20.0,0.0,0.0,-0.2,0.2,123,366,-243,244,2.26,0.0,0.0,12.38,25.4,58.4,0,0.2,0.023,NIGHT_HOLD,PARK_ZERO,98
11.93,75.0,-0.4,-0.4,0.0,3816,3842,-2,3829,10.34,0.8,8.27,9.58,32.9,59.2,0,0.22,0.03,BATTERY_UNDERVOLTAGE,HOLD,74
8.86,51.0,-18.3,-19.7,1.4,3868,3912,-44,3890,10.15,1.12,11.37,11.86,41.2,47.9,1,2.27,0.122,MECHANICAL_JAM,STEP_CCW,51
8.45,44.9,-20.7,-20.7,0.1,4028,4019,9,4023,10.76,0.95,10.22,12.4,35.2,47.2,0,0.22,0.025,NOMINAL,HOLD,99
15.98,37.9,23.2,21.0,2.2,3807,3871,-64,3839,10.15,1.05,10.66,11.75,42.6,50.0,1,2.33,0.115,MECHANICAL_JAM,STEP_CCW,54
13.27,70.9,7.4,8.9,1.5,3945,4006,-61,3975,10.27,1.17,12.02,11.94,43.0,46.2,1,2.12,0.148,MECHANICAL_JAM,STEP_CCW,47
10.49,69.2,-8.8,-8.8,0.0,3970,3890,-7,3930,9.91,0.37,3.67,12.19,37.4,46.0,0,0.24,0.039,SOILED_PANEL,HOLD,68
9.59,60.6,-14.0,-14.0,0.0,3856,3930,11,3893,9.77,0.55,5.37,11.86,35.6,45.9,0,0.24,0.032,SOILED_PANEL,HOLD,70
14.99,53.2,17.4,17.4,0.0,3923,3826,-3,3874,9.66,0.69,6.67,11.49,39.5,42.1,0,0.22,0.029,SOILED_PANEL,HOLD,65
10.33,68.0,-9.7,-9.7,0.2,3980,3980,0,3980,10.48,1.41,14.78,12.47,37.1,41.4,0,0.18,0.032,NOMINAL,HOLD,100
9.4,58.2,-15.2,-17.6,2.4,3818,3856,-38,3837,10.44,1.21,12.63,11.35,41.3,46.0,1,2.51,0.142,MECHANICAL_JAM,STEP_CCW,59
10.78,71.2,-7.1,-9.1,2.0,3958,3884,74,3921,10.71,1.46,15.64,12.55,37.1,41.0,1,1.56,0.03,NOMINAL,STEP_CW,98
13.53,69.1,8.9,8.9,0.2,3954,3950,4,3952,10.72,1.43,15.33,12.63,37.9,42.0,0,0.2,0.029,NOMINAL,HOLD,95
9.95,64.4,-12.0,-12.0,0.0,4028,4031,-3,4029,10.59,1.33,14.08,12.56,37.0,43.4,0,0.19,0.028,NOMINAL,HOLD,100
8.41,44.2,-21.0,-21.0,0.1,3980,3989,-9,3984,10.66,0.94,10.02,12.53,35.5,44.9,0,0.23,0.026,NOMINAL,HOLD,99
11.94,75.0,-0.3,-0.3,0.1,3996,3984,12,3990,10.49,1.5,15.73,12.65,37.6,41.1,0,0.21,0.028,NOMINAL,HOLD,96
12.72,73.7,4.2,1.5,2.7,3964,3906,58,3935,10.55,1.51,15.93,12.69,38.0,43.2,1,1.56,0.031,NOMINAL,STEP_CW,98
17.39,12.0,31.4,31.4,0.2,3971,3961,10,3966,10.77,0.24,2.58,12.23,33.6,50.2,0,0.2,0.035,NOMINAL,HOLD,96
13.9,65.9,11.1,12.4,1.3,3805,3750,55,3777,10.45,1.3,13.58,11.66,40.3,48.0,1,2.19,0.149,MECHANICAL_JAM,STEP_CW,54
9.67,61.5,-13.6,-13.6,0.0,4019,3931,13,3975,10.54,0.6,6.32,9.76,36.3,58.8,0,0.24,0.037,BATTERY_UNDERVOLTAGE,HOLD,67
7.96,36.8,-23.6,-23.6,0.1,4026,4033,-7,4029,10.51,0.77,8.09,12.42,34.7,45.4,0,0.2,0.032,NOMINAL,HOLD,95
14.75,56.4,16.0,16.0,0.3,4002,4002,0,4002,10.47,1.18,12.35,12.55,37.0,44.3,0,0.2,0.03,NOMINAL,HOLD,97
15.25,49.4,19.0,19.0,0.3,3967,3955,12,3961,10.57,1.0,10.57,12.47,35.2,46.8,0,0.21,0.032,NOMINAL,HOLD,100
7.01,19.5,-29.1,-29.1,0.3,3955,3969,-14,3962,10.52,0.4,4.21,12.4,33.4,51.4,0,0.24,0.034,NOMINAL,HOLD,100
15.74,41.8,21.8,21.8,0.0,3870,3823,5,3846,10.38,0.58,6.02,9.46,35.2,45.8,0,0.22,0.035,BATTERY_UNDERVOLTAGE,HOLD,77
13.24,71.1,7.3,8.7,1.4,3739,3791,-52,3765,9.91,1.01,10.01,11.74,36.1,49.0,1,2.55,0.149,MECHANICAL_JAM,STEP_CCW,58
11.75,74.8,-1.4,-1.4,0.0,3953,3942,11,3947,10.58,1.52,16.08,12.58,38.6,43.5,0,0.19,0.03,NOMINAL,HOLD,100
12.18,74.9,1.1,1.1,0.0,3802,3956,8,3879,9.38,0.47,4.41,11.57,38.0,53.8,0,0.23,0.029,SOILED_PANEL,HOLD,65
9.6,60.7,-14.0,-14.0,0.0,3992,3831,6,3911,10.0,0.47,4.7,11.74,38.3,43.7,0,0.23,0.025,SOILED_PANEL,HOLD,71
13.18,71.4,6.9,3.7,3.2,3988,3908,80,3948,10.65,1.44,15.34,12.56,38.0,43.6,1,1.51,0.032,NOMINAL,STEP_CW,96
7.74,33.0,-24.8,-24.8,0.2,3941,3939,2,3940,10.75,0.65,6.99,12.45,34.8,47.1,0,0.24,0.03,NOMINAL,HOLD,98
14.97,53.4,17.3,17.3,0.0,3967,3973,-6,3970,10.49,1.12,11.75,12.49,36.5,44.9,0,0.18,0.026,NOMINAL,HOLD,100
13.55,68.9,9.0,9.0,0.0,3979,3991,-12,3985,10.75,1.45,15.59,12.5,37.2,43.2,0,0.18,0.031,NOMINAL,HOLD,100
7.23,23.7,-27.8,-27.8,0.2,3970,3957,13,3963,10.5,0.48,5.04,12.32,34.1,48.1,0,0.18,0.031,NOMINAL,HOLD,100
9.08,54.1,-17.1,-17.1,0.0,3835,3979,-12,3907,9.38,0.68,6.38,11.82,38.3,50.8,0,0.21,0.023,SOILED_PANEL,HOLD,74
14.56,58.7,14.9,14.9,0.3,3994,3998,-4,3996,10.49,1.22,12.8,12.53,35.9,44.0,0,0.2,0.025,NOMINAL,HOLD,98
8.34,43.1,-21.4,-21.4,0.2,4013,3999,14,4006,10.5,0.9,9.45,12.33,36.2,44.3,0,0.22,0.021,NOMINAL,HOLD,97
12.45,74.5,2.6,2.6,0.0,3954,4020,10,3987,10.31,1.3,13.4,12.05,54.0,30.7,0,0.2,0.037,THERMAL_OVERHEAT,HOLD,63
7.08,20.9,-28.7,-28.7,0.2,3991,4004,-13,3997,10.61,0.41,4.35,12.38,33.3,49.4,0,0.18,0.02,NOMINAL,HOLD,96
14.85,55.1,16.6,16.6,0.0,3989,3959,-8,3974,10.43,1.09,11.37,9.29,36.2,47.9,0,0.23,0.035,BATTERY_UNDERVOLTAGE,HOLD,68
14.59,58.4,15.1,15.1,0.0,3806,3859,5,3832,9.58,0.64,6.13,12.1,39.6,40.0,0,0.23,0.037,SOILED_PANEL,HOLD,73
9.05,53.7,-17.2,-17.2,0.0,3860,3907,0,3883,10.68,1.47,15.7,8.94,32.2,45.7,0,0.19,0.037,BATTERY_UNDERVOLTAGE,HOLD,71
10.6,70.0,-8.2,-6.5,1.7,3935,4014,-79,3974,10.72,1.4,15.01,12.59,37.5,44.5,1,1.5,0.024,NOMINAL,STEP_CCW,97
16.69,25.3,27.3,27.3,0.2,3980,3984,-4,3982,10.54,0.55,5.8,12.26,34.6,47.1,0,0.21,0.022,NOMINAL,HOLD,98
10.97,72.3,-6.0,-6.0,0.3,3997,4005,-8,4001,10.55,1.45,15.3,12.52,38.2,43.7,0,0.2,0.03,NOMINAL,HOLD,95
14.85,55.0,16.6,14.1,2.5,3962,4005,-43,3983,9.84,1.05,10.33,11.86,37.4,51.5,1,2.57,0.119,MECHANICAL_JAM,STEP_CCW,52
9.61,60.8,-13.9,-13.9,0.0,4003,3835,-9,3919,9.21,0.64,5.89,12.19,33.0,52.4,0,0.22,0.033,SOILED_PANEL,HOLD,72
12.52,74.3,3.0,3.0,0.0,4008,3819,-12,3913,10.3,0.42,4.33,11.92,38.5,41.4,0,0.24,0.036,SOILED_PANEL,HOLD,63
20.0,0.0,0.0,-0.9,0.9,373,301,72,337,2.05,0.0,0.0,11.86,22.2,68.7,0,0.19,0.024,NIGHT_HOLD,PARK_ZERO,98
10.24,67.2,-10.3,-7.6,2.7,3955,4005,-50,3980,10.13,1.18,11.95,11.25,38.2,43.4,1,2.21,0.142,MECHANICAL_JAM,STEP_CCW,52
15.32,48.4,19.4,15.4,4.0,3995,3919,76,3957,10.7,0.98,10.49,12.47,35.5,44.6,1,1.55,0.02,NOMINAL,STEP_CW,99
15.17,50.7,18.5,20.4,1.9,3999,4034,-35,4016,10.6,1.39,14.73,11.28,41.3,44.7,1,2.55,0.144,MECHANICAL_JAM,STEP_CCW,46
16.93,20.8,28.7,28.7,0.3,3985,3987,-2,3986,10.77,0.4,4.31,12.26,33.3,50.2,0,0.24,0.025,NOMINAL,HOLD,99
19.0,0.0,0.0,0.9,0.9,368,152,216,260,1.41,0.0,0.0,11.67,27.9,72.6,0,0.21,0.026,NIGHT_HOLD,PARK_ZERO,98
7.49,28.6,-26.3,-26.3,0.1,4001,3999,2,4000,10.75,0.56,6.02,12.28,34.7,49.9,0,0.18,0.033,NOMINAL,HOLD,97
18.5,0.0,0.0,0.2,0.2,152,136,16,144,2.12,0.0,0.0,12.27,27.8,62.5,0,0.24,0.028,NIGHT_HOLD,PARK_ZERO,98
10.81,71.4,-6.9,-6.9,0.0,3834,3840,11,3837,10.24,0.63,6.45,12.17,37.2,42.6,0,0.25,0.034,SOILED_PANEL,HOLD,71
8.96,52.4,-17.8,-17.8,0.1,4028,4033,-5,4030,10.52,1.04,10.94,12.52,36.3,46.4,0,0.2,0.032,NOMINAL,HOLD,99
4.5,0.0,0.0,-0.4,0.4,393,193,200,293,1.6,0.0,0.0,11.59,25.0,61.6,0,0.18,0.027,NIGHT_HOLD,PARK_ZERO,98
13.36,70.3,7.9,7.9,0.0,3822,4010,7,3916,10.54,1.23,12.96,9.14,30.1,48.1,0,0.22,0.027,BATTERY_UNDERVOLTAGE,HOLD,77
9.01,53.1,-17.5,-17.5,0.0,3898,3912,11,3905,9.66,0.41,3.96,11.73,39.1,45.3,0,0.22,0.037,SOILED_PANEL,HOLD,74
13.66,68.0,9.7,9.7,0.0,3944,3956,-12,3950,10.57,1.43,15.12,12.48,36.8,42.4,0,0.2,0.031,NOMINAL,HOLD,99
17.26,14.5,30.7,30.7,0.3,4001,3987,14,3994,10.6,0.31,3.29,12.3,33.0,48.3,0,0.22,0.025,NOMINAL,HOLD,96
12.6,74.1,3.5,6.4,2.9,3943,3986,-43,3964,10.5,1.51,15.86,12.61,37.9,40.3,1,1.52,0.02,NOMINAL,STEP_CCW,95
13.62,68.4,9.5,9.5,0.0,3953,3922,-9,3937,10.25,0.71,7.28,9.44,37.8,52.1,0,0.19,0.036,BATTERY_UNDERVOLTAGE,HOLD,72
13.77,67.1,10.3,10.3,0.2,3987,3996,-9,3991,10.58,1.37,14.49,12.51,37.3,42.0,0,0.23,0.024,NOMINAL,HOLD,95
13.18,71.5,6.9,6.9,0.0,3824,3821,9,3822,9.58,0.54,5.17,12.18,36.7,48.3,0,0.24,0.036,SOILED_PANEL,HOLD,68
14.06,64.4,12.0,14.9,2.9,3940,4010,-70,3975,10.59,1.35,14.3,12.45,37.3,43.5,1,1.52,0.029,NOMINAL,STEP_CCW,99
14.7,57.1,15.7,15.7,0.0,3914,3844,-7,3879,10.27,0.63,6.47,11.5,35.4,54.8,0,0.22,0.04,SOILED_PANEL,HOLD,72
12.57,74.2,3.3,3.3,0.0,3881,3986,-10,3933,9.3,0.54,5.02,11.84,38.9,47.8,0,0.25,0.02,SOILED_PANEL,HOLD,73
12.25,74.8,1.4,1.4,0.1,4012,4022,-10,4017,10.7,1.57,16.8,12.68,38.1,40.4,0,0.22,0.024,NOMINAL,HOLD,99
16.16,34.8,24.2,24.2,0.2,4017,4013,4,4015,10.52,0.71,7.47,12.41,35.1,47.0,0,0.21,0.026,NOMINAL,HOLD,97
7.04,20.2,-28.9,-28.9,0.1,3942,3945,-3,3943,10.71,0.4,4.28,12.38,34.3,50.0,0,0.2,0.035,NOMINAL,HOLD,96
14.85,55.1,16.6,16.6,0.0,3913,3998,-2,3955,9.5,0.5,4.75,11.92,33.5,43.2,0,0.24,0.035,SOILED_PANEL,HOLD,74
10.61,70.1,-8.1,-8.1,0.2,3979,3991,-12,3985,10.59,1.46,15.46,12.58,37.7,41.3,0,0.22,0.033,NOMINAL,HOLD,96
9.24,56.3,-16.1,-16.1,0.3,3965,3957,8,3961,10.72,1.16,12.44,12.53,35.8,42.6,0,0.2,0.026,NOMINAL,HOLD,99
17.07,18.2,29.6,29.6,0.2,3960,3963,-3,3961,10.55,0.4,4.22,12.21,32.5,47.8,0,0.23,0.033,NOMINAL,HOLD,96
13.62,68.3,9.5,9.5,0.1,4005,4006,-1,4005,10.7,1.42,15.19,12.47,38.3,43.5,0,0.18,0.029,NOMINAL,HOLD,95
12.87,73.1,5.1,8.2,3.1,3878,3916,-38,3897,10.17,1.01,10.27,11.44,40.2,48.2,1,2.42,0.081,MECHANICAL_JAM,STEP_CCW,56
13.03,72.3,6.0,6.0,0.2,3948,3947,1,3947,10.55,1.47,15.51,12.54,38.1,44.2,0,0.2,0.03,NOMINAL,HOLD,96
13.59,68.6,9.3,9.3,0.0,3814,4006,7,3910,9.64,0.46,4.43,11.51,32.2,47.5,0,0.21,0.038,SOILED_PANEL,HOLD,68
12.11,75.0,0.6,0.6,0.0,4023,3974,0,3998,10.46,1.27,13.28,12.12,54.5,37.1,0,0.24,0.04,THERMAL_OVERHEAT,HOLD,68
12.95,72.7,5.5,5.5,0.0,3942,3846,-3,3894,9.31,0.39,3.63,11.61,38.5,51.4,0,0.21,0.034,SOILED_PANEL,HOLD,67
8.94,52.3,-17.8,-17.8,0.3,3982,3983,-1,3982,10.65,1.07,11.4,12.4,35.3,45.6,0,0.2,0.029,NOMINAL,HOLD,99
18.5,0.0,0.0,0.0,0.0,428,275,153,351,1.32,0.0,0.0,11.87,27.2,58.0,0,0.24,0.027,NIGHT_HOLD,PARK_ZERO,98
16.32,31.9,25.2,27.1,1.9,3943,3973,-30,3958,10.62,0.67,7.12,12.31,34.8,45.8,1,1.59,0.024,NOMINAL,STEP_CCW,96
8.24,41.5,-21.9,-25.3,3.4,4028,3994,34,4011,10.6,0.85,9.01,12.42,34.3,46.6,1,1.54,0.031,NOMINAL,STEP_CW,95
14.83,55.4,16.5,16.5,0.0,4020,4034,-14,4027,10.54,1.17,12.33,12.46,35.6,44.6,0,0.22,0.025,NOMINAL,HOLD,95
9.78,62.7,-12.9,-12.9,0.2,4007,4002,5,4004,10.74,1.33,14.28,12.5,37.8,43.1,0,0.2,0.023,NOMINAL,HOLD,98
18.5,0.0,0.0,0.5,0.5,147,188,-41,167,1.84,0.0,0.0,12.03,23.0,62.3,0,0.22,0.021,NIGHT_HOLD,PARK_ZERO,98
9.31,57.2,-15.7,-15.7,0.0,4024,4037,-13,4030,10.72,1.14,12.22,12.43,36.5,42.9,0,0.19,0.024,NOMINAL,HOLD,100
13.17,71.5,6.8,6.8,0.0,3961,3802,-3,3881,9.66,0.39,3.77,11.82,37.0,50.5,0,0.22,0.038,SOILED_PANEL,HOLD,70
7.8,34.0,-24.5,-24.5,0.0,4017,4025,-8,4021,10.55,0.7,7.38,12.32,35.1,46.7,0,0.19,0.021,NOMINAL,HOLD,98
14.07,64.3,12.1,12.1,0.1,4025,4039,-14,4032,10.5,1.33,13.96,12.54,38.0,44.6,0,0.19,0.021,NOMINAL,HOLD,100
10.54,69.6,-8.5,-8.5,0.0,3859,3916,-3,3887,9.49,0.37,3.51,12.05,39.0,52.8,0,0.22,0.034,SOILED_PANEL,HOLD,68
7.54,29.5,-26.0,-27.6,1.6,3967,3887,80,3927,10.52,0.59,6.21,12.34,34.6,49.6,1,1.57,0.021,NOMINAL,STEP_CW,97
11.21,73.4,-4.6,-1.4,3.2,3915,3956,-41,3935,10.32,1.3,13.42,11.29,41.6,42.6,1,2.62,0.091,MECHANICAL_JAM,STEP_CCW,58
11.81,74.9,-1.1,-1.1,0.1,3988,3983,5,3985,10.65,1.57,16.72,12.68,38.4,43.6,0,0.23,0.027,NOMINAL,HOLD,98
11.47,74.3,-3.1,-3.1,0.0,3811,3816,-4,3813,9.92,0.35,3.47,12.09,36.2,51.2,0,0.24,0.024,SOILED_PANEL,HOLD,72
12.21,74.9,1.2,1.2,0.2,4024,4025,-1,4024,10.61,1.55,16.45,12.63,37.3,43.3,0,0.22,0.033,NOMINAL,HOLD,99
18.5,0.0,0.0,0.0,0.0,320,333,-13,326,2.17,0.0,0.0,11.57,24.9,59.8,0,0.24,0.021,NIGHT_HOLD,PARK_ZERO,98
13.15,71.6,6.7,6.0,0.7,3927,3987,-60,3957,10.44,1.12,11.69,11.89,39.6,43.2,1,2.37,0.126,MECHANICAL_JAM,STEP_CCW,48
6.89,17.4,-29.8,-29.8,0.2,4017,4006,11,4011,10.66,0.39,4.16,12.31,33.7,49.5,0,0.24,0.025,NOMINAL,HOLD,95
15.79,41.1,22.1,22.1,0.2,4000,3995,5,3997,10.58,0.84,8.89,12.34,35.6,44.5,0,0.22,0.025,NOMINAL,HOLD,100
9.71,61.9,-13.3,-13.3,0.2,3961,3974,-13,3967,10.72,1.29,13.83,12.51,36.5,42.5,0,0.21,0.022,NOMINAL,HOLD,98
14.6,58.3,15.1,12.9,2.2,3723,3782,-59,3752,10.54,1.32,13.91,11.67,42.2,46.5,1,2.46,0.147,MECHANICAL_JAM,STEP_CCW,49
6.55,10.7,-31.8,-34.7,2.9,4024,3971,53,3997,10.62,0.25,2.65,12.19,33.0,51.5,1,1.55,0.022,NOMINAL,STEP_CW,98
13.17,71.5,6.8,6.8,0.3,4017,4018,-1,4017,10.7,1.45,15.51,12.67,38.7,42.3,0,0.23,0.022,NOMINAL,HOLD,98
16.25,33.2,24.8,24.8,0.3,3980,3977,3,3978,10.75,0.69,7.42,12.32,34.9,46.7,0,0.22,0.025,NOMINAL,HOLD,100
13.26,70.9,7.4,7.4,0.0,3845,3928,5,3886,9.96,0.46,4.58,11.49,34.8,47.2,0,0.23,0.033,SOILED_PANEL,HOLD,68
16.33,31.7,25.3,25.3,0.3,3941,3942,-1,3941,10.48,0.62,6.5,12.4,33.9,48.8,0,0.21,0.022,NOMINAL,HOLD,97
8.11,39.4,-22.7,-22.7,0.2,4009,4017,-8,4013,10.71,0.78,8.35,12.48,35.6,48.2,0,0.18,0.031,NOMINAL,HOLD,99
13.53,69.0,8.9,8.9,0.0,3986,3956,2,3971,10.29,1.49,15.33,12.39,51.2,33.5,0,0.2,0.035,THERMAL_OVERHEAT,HOLD,64
15.96,38.1,23.1,23.1,0.1,4030,4024,6,4027,10.58,0.79,8.36,12.45,34.4,47.8,0,0.22,0.023,NOMINAL,HOLD,98
13.1,71.9,6.4,6.4,0.0,3847,3844,11,3845,9.77,0.48,4.69,11.74,36.5,42.0,0,0.23,0.025,SOILED_PANEL,HOLD,67
16.81,22.9,28.1,28.1,0.3,3946,3941,5,3943,10.66,0.5,5.33,12.28,34.4,49.1,0,0.23,0.021,NOMINAL,HOLD,100
9.2,55.7,-16.3,-16.3,0.0,3847,3933,-13,3890,10.59,0.66,6.99,9.34,33.2,50.2,0,0.23,0.033,BATTERY_UNDERVOLTAGE,HOLD,70
12.66,73.9,3.8,3.8,0.0,4029,4017,5,4023,10.6,1.45,15.37,12.39,49.1,34.7,0,0.23,0.048,THERMAL_OVERHEAT,HOLD,64
9.18,55.5,-16.4,-16.4,0.3,3954,3956,-2,3955,10.63,1.12,11.91,12.58,37.1,44.1,0,0.2,0.032,NOMINAL,HOLD,98
9.76,62.5,-13.1,-13.1,0.1,3952,3964,-12,3958,10.76,1.29,13.88,12.43,36.1,44.4,0,0.19,0.032,NOMINAL,HOLD,100
7.64,31.3,-25.4,-25.4,0.2,3995,3986,9,3990,10.75,0.66,7.1,12.3,34.4,47.2,0,0.22,0.021,NOMINAL,HOLD,95
10.51,69.4,-8.7,-8.7,0.0,3818,3947,-5,3882,10.2,0.49,5.0,11.76,35.2,44.7,0,0.22,0.022,SOILED_PANEL,HOLD,62
13.3,70.7,7.6,4.6,3.0,3959,3889,70,3924,10.62,1.43,15.19,12.61,37.9,41.7,1,1.53,0.034,NOMINAL,STEP_CW,98
13.98,65.1,11.6,11.6,0.0,4010,3970,7,3990,10.21,1.42,14.5,12.28,54.9,30.9,0,0.24,0.036,THERMAL_OVERHEAT,HOLD,67
13.63,68.3,9.5,11.0,1.5,3991,4021,-30,4006,10.48,1.41,14.78,12.54,37.6,41.2,1,1.5,0.023,NOMINAL,STEP_CCW,100
10.28,67.5,-10.0,-10.0,0.2,3958,3956,2,3957,10.54,1.41,14.86,12.5,36.8,44.2,0,0.19,0.033,NOMINAL,HOLD,99
12.55,74.2,3.2,3.2,0.0,3965,3976,-11,3970,10.62,1.51,16.04,12.52,38.2,40.5,0,0.22,0.029,NOMINAL,HOLD,96
11.51,74.4,-2.9,-2.9,0.0,3957,3968,-6,3962,10.55,0.65,6.86,9.37,36.5,59.4,0,0.19,0.026,BATTERY_UNDERVOLTAGE,HOLD,77
13.92,65.7,11.2,10.8,0.4,3945,4002,-57,3973,10.17,1.08,10.98,11.44,40.4,43.8,1,2.43,0.139,MECHANICAL_JAM,STEP_CCW,49
8.66,48.1,-19.5,-22.6,3.1,3959,3887,72,3923,10.72,1.0,10.72,12.52,36.0,46.7,1,1.6,0.023,NOMINAL,STEP_CW,95
12.48,74.4,2.8,5.5,2.7,3933,3969,-36,3951,10.54,1.55,16.34,12.64,37.5,41.9,1,1.53,0.028,NOMINAL,STEP_CCW,98
12.03,75.0,0.2,0.2,0.0,3980,4028,-5,4004,10.48,1.24,13.0,11.9,53.0,33.7,0,0.25,0.033,THERMAL_OVERHEAT,HOLD,66
10.45,68.9,-9.1,-9.1,0.1,3973,3985,-12,3979,10.48,1.39,14.57,12.65,37.2,42.7,0,0.2,0.027,NOMINAL,HOLD,95
19.0,0.0,0.0,-0.8,0.8,346,404,-58,375,2.07,0.0,0.0,12.25,23.6,65.9,0,0.19,0.033,NIGHT_HOLD,PARK_ZERO,98
13.96,65.3,11.4,11.4,0.0,3959,4016,-2,3987,10.29,1.47,15.13,12.11,51.5,36.7,0,0.23,0.04,THERMAL_OVERHEAT,HOLD,64
18.5,0.0,0.0,-0.1,0.1,197,119,78,158,1.29,0.0,0.0,11.75,22.9,58.1,0,0.22,0.036,NIGHT_HOLD,PARK_ZERO,98
11.06,72.7,-5.5,-5.5,0.0,4001,3994,7,3997,10.65,1.51,16.08,12.57,37.3,40.8,0,0.21,0.029,NOMINAL,HOLD,96
6.93,18.1,-29.6,-29.6,0.0,3963,3969,-6,3966,10.59,0.41,4.34,12.32,34.2,50.5,0,0.21,0.032,NOMINAL,HOLD,95
12.85,73.1,5.0,4.8,0.2,3910,3852,58,3881,10.28,1.3,13.36,11.86,37.5,48.6,1,2.25,0.131,MECHANICAL_JAM,STEP_CW,55
13.06,72.1,6.2,6.2,0.1,3953,3963,-10,3958,10.63,1.51,16.05,12.62,38.4,42.8,0,0.18,0.023,NOMINAL,HOLD,99
16.16,34.8,24.2,24.2,0.2,4001,4013,-12,4007,10.74,0.72,7.73,12.29,35.7,48.1,0,0.22,0.026,NOMINAL,HOLD,98
12.13,75.0,0.8,0.8,0.0,4017,4004,-3,4010,10.57,1.34,14.16,12.26,51.5,36.0,0,0.25,0.047,THERMAL_OVERHEAT,HOLD,64
9.8,62.9,-12.8,-12.8,0.0,3922,3996,-5,3959,10.2,0.38,3.88,11.88,36.3,43.9,0,0.2,0.035,SOILED_PANEL,HOLD,62
7.8,34.0,-24.5,-24.5,0.2,3980,3972,8,3976,10.5,0.69,7.24,12.4,34.2,47.6,0,0.2,0.028,NOMINAL,HOLD,99
13.44,69.7,8.4,10.2,1.8,3791,3821,-30,3806,10.1,1.18,11.92,11.4,38.5,45.4,1,2.49,0.132,MECHANICAL_JAM,STEP_CCW,48
11.41,74.1,-3.4,-3.4,0.0,4005,4013,-8,4009,10.57,1.53,16.17,12.63,38.3,40.8,0,0.2,0.034,NOMINAL,HOLD,95
15.56,44.8,20.7,20.7,0.2,3948,3960,-12,3954,10.58,0.93,9.84,12.48,36.4,45.6,0,0.2,0.03,NOMINAL,HOLD,97
13.07,72.1,6.3,9.9,3.6,3968,4013,-45,3990,10.53,1.49,15.69,12.65,37.3,40.5,1,1.54,0.029,NOMINAL,STEP_CCW,99
13.27,70.9,7.4,7.4,0.1,3940,3934,6,3937,10.5,1.44,15.12,12.56,38.0,42.2,0,0.24,0.023,NOMINAL,HOLD,95
7.25,24.2,-27.7,-27.7,0.1,4011,3999,12,4005,10.57,0.53,5.6,12.28,34.1,47.6,0,0.23,0.034,NOMINAL,HOLD,99
18.5,0.0,0.0,-0.2,0.2,134,366,-232,250,0.18,0.0,0.0,11.76,27.7,71.1,0,0.24,0.038,NIGHT_HOLD,PARK_ZERO,98
12.82,73.3,4.8,4.8,0.3,4001,3997,4,3999,10.7,1.54,16.48,12.58,37.8,42.6,0,0.23,0.02,NOMINAL,HOLD,95
11.06,72.7,-5.5,-3.5,2.0,3911,3962,-51,3936,10.56,1.16,12.25,11.21,42.7,44.5,1,2.15,0.127,MECHANICAL_JAM,STEP_CCW,55
18.5,0.0,0.0,-0.0,0.0,261,191,70,226,2.24,0.0,0.0,11.74,27.7,68.7,0,0.23,0.03,NIGHT_HOLD,PARK_ZERO,98
13.88,66.1,11.0,13.6,2.6,3827,3786,41,3806,10.47,1.08,11.31,11.82,37.0,42.8,1,2.63,0.114,MECHANICAL_JAM,STEP_CW,45
12.46,74.5,2.7,2.7,0.1,3980,3975,5,3977,10.77,1.56,16.8,12.67,37.9,44.0,0,0.21,0.034,NOMINAL,HOLD,97
14.25,62.4,13.1,13.1,0.0,3966,3956,6,3961,10.5,1.34,14.07,12.12,52.5,31.9,0,0.24,0.033,THERMAL_OVERHEAT,HOLD,56
11.56,74.5,-2.6,-2.6,0.0,3988,3996,-8,3992,10.57,1.54,16.28,12.55,38.1,41.0,0,0.21,0.027,NOMINAL,HOLD,99
8.84,50.8,-18.4,-18.4,0.0,3908,3853,-2,3880,10.55,0.87,9.18,9.65,32.2,47.7,0,0.19,0.032,BATTERY_UNDERVOLTAGE,HOLD,68
14.43,60.3,14.2,11.3,2.9,3998,3918,80,3958,10.71,1.26,13.49,12.52,35.8,43.6,1,1.51,0.022,NOMINAL,STEP_CW,100
14.43,60.4,14.2,11.9,2.3,4022,3961,61,3991,10.5,1.21,12.71,12.47,36.3,45.3,1,1.49,0.021,NOMINAL,STEP_CW,100
10.61,70.1,-8.1,-8.1,0.0,3943,3942,14,3942,10.61,0.84,8.91,9.21,32.8,55.2,0,0.22,0.032,BATTERY_UNDERVOLTAGE,HOLD,75
8.42,44.4,-20.9,-23.3,2.4,4015,3946,69,3980,10.69,0.94,10.05,12.41,35.1,46.6,1,1.55,0.022,NOMINAL,STEP_CW,96
16.71,24.8,27.5,27.5,0.2,3949,3951,-2,3950,10.57,0.49,5.18,12.36,34.4,49.1,0,0.18,0.026,NOMINAL,HOLD,98
16.83,22.7,28.2,25.4,2.8,4002,3948,54,3975,10.73,0.44,4.72,12.27,33.3,50.0,1,1.5,0.031,NOMINAL,STEP_CW,96
9.62,60.9,-13.9,-13.9,0.0,3816,3921,5,3868,9.26,0.62,5.74,11.82,40.0,41.6,0,0.23,0.022,SOILED_PANEL,HOLD,68
9.47,59.2,-14.7,-14.7,0.0,3872,3913,5,3892,10.26,1.03,10.57,8.97,30.3,50.4,0,0.23,0.037,BATTERY_UNDERVOLTAGE,HOLD,72
12.45,74.5,2.6,2.6,0.1,4009,4001,8,4005,10.65,1.54,16.4,12.62,38.1,42.2,0,0.19,0.03,NOMINAL,HOLD,97
11.8,74.9,-1.2,-1.2,0.0,3986,3991,-5,3988,10.52,1.5,15.78,12.6,38.5,40.6,0,0.2,0.024,NOMINAL,HOLD,99
20.0,0.0,0.0,0.9,0.9,324,233,91,278,0.02,0.0,0.0,11.89,23.8,59.6,0,0.18,0.027,NIGHT_HOLD,PARK_ZERO,98
12.67,73.9,3.9,3.9,0.0,4022,4013,9,4017,10.58,1.5,15.87,12.58,37.4,43.2,0,0.2,0.034,NOMINAL,HOLD,100
9.63,61.0,-13.8,-17.3,3.5,3974,3922,52,3948,10.52,1.23,12.94,12.55,37.1,43.0,1,1.6,0.029,NOMINAL,STEP_CW,96
8.52,46.0,-20.3,-20.3,0.0,3936,3805,-10,3870,10.69,0.78,8.34,8.93,33.5,45.1,0,0.19,0.02,BATTERY_UNDERVOLTAGE,HOLD,68
10.12,66.1,-11.0,-11.0,0.0,4004,3927,-4,3965,10.43,1.29,13.45,9.13,36.7,59.3,0,0.18,0.036,BATTERY_UNDERVOLTAGE,HOLD,66
8.5,45.6,-20.4,-18.3,2.1,3890,3951,-61,3920,10.7,0.92,9.84,12.5,35.5,46.9,1,1.5,0.021,NOMINAL,STEP_CCW,98
7.53,29.3,-26.1,-26.1,0.1,4027,4029,-2,4028,10.75,0.57,6.13,12.4,34.8,48.3,0,0.24,0.022,NOMINAL,HOLD,98
8.69,48.5,-19.3,-15.6,3.7,3892,3964,-72,3928,10.6,0.95,10.07,12.52,36.0,45.1,1,1.51,0.024,NOMINAL,STEP_CCW,95
14.1,64.0,12.2,12.2,0.0,3951,3941,10,3946,10.62,1.33,14.12,12.51,38.1,44.5,0,0.19,0.021,NOMINAL,HOLD,97
14.21,62.7,12.9,11.1,1.8,3990,3950,40,3970,10.71,1.31,14.03,12.6,36.9,42.4,1,1.62,0.03,NOMINAL,STEP_CW,97
9.26,56.5,-16.0,-16.0,0.2,3977,3974,3,3975,10.62,1.17,12.43,12.51,36.2,44.3,0,0.21,0.033,NOMINAL,HOLD,99
12.6,74.1,3.5,3.5,0.0,3973,3978,-5,3975,10.61,1.54,16.34,12.6,38.4,43.7,0,0.21,0.029,NOMINAL,HOLD,97
9.13,54.8,-16.8,-19.9,3.1,3999,3939,60,3969,10.67,1.14,12.16,12.42,35.9,44.3,1,1.51,0.025,NOMINAL,STEP_CW,95
7.23,23.8,-27.8,-29.6,1.8,3954,3873,81,3913,10.62,0.46,4.89,12.34,34.6,49.5,1,1.51,0.028,NOMINAL,STEP_CW,100
7.04,20.2,-28.9,-28.9,0.2,3966,3980,-14,3973,10.75,0.44,4.73,12.3,33.9,48.8,0,0.22,0.031,NOMINAL,HOLD,98
15.24,49.6,18.9,18.9,0.2,3945,3943,2,3944,10.72,0.99,10.61,12.41,36.0,43.8,0,0.22,0.023,NOMINAL,HOLD,98
12.21,74.9,1.2,-0.6,1.8,3754,3784,-30,3769,10.41,1.19,12.39,11.74,41.6,46.3,1,2.16,0.135,MECHANICAL_JAM,STEP_CCW,57
13.73,67.4,10.1,10.1,0.2,3980,3983,-3,3981,10.77,1.41,15.19,12.54,37.7,44.3,0,0.21,0.025,NOMINAL,HOLD,96
8.85,51.0,-18.4,-22.2,3.8,3996,3954,42,3975,10.6,1.04,11.02,12.52,37.0,45.6,1,1.61,0.028,NOMINAL,STEP_CW,97
18.5,0.0,0.0,-0.6,0.6,241,91,150,166,1.93,0.0,0.0,12.35,26.9,73.4,0,0.21,0.031,NIGHT_HOLD,PARK_ZERO,98
7.54,29.4,-26.0,-26.0,0.0,3986,3992,-6,3989,10.54,0.58,6.11,12.32,34.5,48.4,0,0.23,0.023,NOMINAL,HOLD,95
15.22,49.9,18.8,18.8,0.2,4029,4021,8,4025,10.74,1.03,11.06,12.43,36.5,45.7,0,0.21,0.021,NOMINAL,HOLD,95
10.18,66.6,-10.6,-8.0,2.6,3939,3965,-26,3952,10.54,1.38,14.55,12.58,36.4,44.2,1,1.6,0.026,NOMINAL,STEP_CCW,97
10.01,65.1,-11.6,-11.6,0.1,3968,3960,8,3964,10.67,1.38,14.72,12.64,37.7,43.6,0,0.19,0.021,NOMINAL,HOLD,98
10.94,72.1,-6.2,-6.2,0.0,3833,3886,-13,3859,10.44,1.25,13.05,9.35,32.1,51.0,0,0.21,0.034,BATTERY_UNDERVOLTAGE,HOLD,77
12.36,74.7,2.1,2.1,0.0,3924,3901,8,3912,9.83,0.55,5.41,12.2,36.2,43.6,0,0.21,0.029,SOILED_PANEL,HOLD,72
7.49,28.4,-26.3,-26.3,0.1,3964,3967,-3,3965,10.65,0.55,5.86,12.31,35.3,48.7,0,0.2,0.035,NOMINAL,HOLD,98
11.35,73.9,-3.8,-1.7,2.1,3955,3997,-42,3976,10.69,1.48,15.82,12.64,37.4,42.6,1,1.5,0.022,NOMINAL,STEP_CCW,97
5.5,0.0,0.0,-0.4,0.4,321,91,230,206,0.83,0.0,0.0,12.17,23.3,65.9,0,0.23,0.031,NIGHT_HOLD,PARK_ZERO,98
17.42,11.4,31.6,31.6,0.2,4014,4016,-2,4015,10.63,0.22,2.34,12.17,32.3,51.3,0,0.23,0.024,NOMINAL,HOLD,98
6.59,11.6,-31.5,-31.5,0.1,4024,4011,13,4017,10.5,0.22,2.31,12.34,32.7,52.4,0,0.2,0.028,NOMINAL,HOLD,100
10.89,71.9,-6.5,-6.5,0.0,3952,3936,-10,3944,9.41,0.53,4.99,11.77,39.4,40.3,0,0.21,0.031,SOILED_PANEL,HOLD,67
14.69,57.2,15.7,15.7,0.2,4020,4023,-3,4021,10.77,1.21,13.03,12.46,35.7,43.4,0,0.2,0.026,NOMINAL,HOLD,95
16.94,20.5,28.8,28.8,0.1,4024,4026,-2,4025,10.69,0.42,4.49,12.35,34.4,50.0,0,0.19,0.026,NOMINAL,HOLD,99
14.82,55.4,16.5,16.5,0.0,3954,3884,2,3919,9.8,0.42,4.12,11.51,36.3,52.0,0,0.24,0.026,SOILED_PANEL,HOLD,73
16.51,28.6,26.3,26.3,0.3,3958,3948,10,3953,10.64,0.56,5.96,12.27,34.4,49.1,0,0.22,0.023,NOMINAL,HOLD,96
14.92,54.1,17.0,19.5,2.5,3929,3988,-59,3958,10.75,1.14,12.25,12.58,35.9,45.9,1,1.54,0.022,NOMINAL,STEP_CCW,96
4.5,0.0,0.0,0.2,0.2,390,370,20,380,1.53,0.0,0.0,12.04,23.4,55.5,0,0.18,0.036,NIGHT_HOLD,PARK_ZERO,98
14.08,64.2,12.1,12.1,0.0,3920,3982,8,3951,9.61,0.65,6.25,11.79,33.1,42.9,0,0.2,0.035,SOILED_PANEL,HOLD,62
16.95,20.3,28.9,28.9,0.2,3966,3974,-8,3970,10.75,0.46,4.95,12.38,33.6,48.6,0,0.18,0.027,NOMINAL,HOLD,96
15.04,52.5,17.7,17.7,0.2,3980,3971,9,3975,10.75,1.08,11.61,12.49,36.5,45.8,0,0.2,0.021,NOMINAL,HOLD,95
15.6,44.1,21.0,21.0,0.3,4008,4006,2,4007,10.69,0.91,9.73,12.44,35.8,44.3,0,0.2,0.024,NOMINAL,HOLD,98
15.01,52.9,17.6,17.6,0.0,4018,4023,-5,4020,10.68,1.12,11.96,12.47,36.5,43.3,0,0.24,0.028,NOMINAL,HOLD,96
16.82,22.9,28.1,28.1,0.0,3981,3982,-1,3981,10.52,0.48,5.05,12.36,33.2,48.8,0,0.21,0.024,NOMINAL,HOLD,100
14.33,61.5,13.6,13.6,0.2,3954,3966,-12,3960,10.66,1.23,13.11,12.57,37.4,45.7,0,0.22,0.029,NOMINAL,HOLD,96
13.14,71.7,6.7,6.7,0.0,3971,3992,8,3981,10.54,1.46,15.39,11.9,50.0,35.7,0,0.2,0.036,THERMAL_OVERHEAT,HOLD,66
11.41,74.1,-3.4,-3.4,0.0,3965,3975,-10,3970,10.7,1.48,15.84,12.59,37.9,43.3,0,0.18,0.029,NOMINAL,HOLD,98
12.71,73.7,4.1,3.9,0.2,3703,3649,54,3676,10.0,1.17,11.7,11.7,40.5,50.3,1,2.13,0.09,MECHANICAL_JAM,STEP_CW,56
5.5,0.0,0.0,0.3,0.3,388,232,156,310,0.83,0.0,0.0,11.58,22.7,74.9,0,0.19,0.026,NIGHT_HOLD,PARK_ZERO,98
14.2,62.9,12.8,12.8,0.2,4014,4014,0,4014,10.48,1.31,13.73,12.5,37.8,44.9,0,0.2,0.031,NOMINAL,HOLD,99
20.0,0.0,0.0,-0.7,0.7,435,220,215,327,0.82,0.0,0.0,11.87,23.3,59.2,0,0.18,0.031,NIGHT_HOLD,PARK_ZERO,98
12.32,74.7,1.9,1.9,0.2,4030,4025,5,4027,10.65,1.52,16.19,12.6,39.0,41.5,0,0.2,0.022,NOMINAL,HOLD,99
14.52,59.2,14.7,14.7,0.2,4018,4004,14,4011,10.56,1.19,12.57,12.44,36.7,45.3,0,0.19,0.031,NOMINAL,HOLD,96
17.49,10.0,32.0,32.0,0.1,4021,4018,3,4019,10.66,0.22,2.35,12.2,31.9,49.9,0,0.19,0.028,NOMINAL,HOLD,95
11.0,72.4,-5.8,-5.8,0.0,3901,3985,6,3943,9.88,0.36,3.56,11.54,34.6,45.1,0,0.23,0.038,SOILED_PANEL,HOLD,74
18.5,0.0,0.0,-0.0,0.0,401,315,86,358,2.23,0.0,0.0,11.98,24.0,70.7,0,0.2,0.035,NIGHT_HOLD,PARK_ZERO,98
9.79,62.8,-12.9,-15.2,2.3,3952,3892,60,3922,10.68,1.31,13.99,12.61,36.7,45.5,1,1.51,0.024,NOMINAL,STEP_CW,95
10.75,71.0,-7.3,-7.3,0.0,3936,4015,-10,3975,10.49,0.89,9.34,9.4,36.9,56.3,0,0.22,0.026,BATTERY_UNDERVOLTAGE,HOLD,65
8.69,48.6,-19.3,-16.7,2.6,3810,3847,-37,3828,10.22,0.99,10.12,11.5,36.3,44.0,1,2.15,0.115,MECHANICAL_JAM,STEP_CCW,60
8.19,40.8,-22.2,-22.2,0.1,4007,3994,13,4000,10.57,0.86,9.09,12.34,36.2,46.6,0,0.2,0.035,NOMINAL,HOLD,96
11.55,74.5,-2.6,-5.4,2.8,3989,3963,26,3976,10.68,1.54,16.45,12.51,37.9,40.3,1,1.61,0.028,NOMINAL,STEP_CW,100
6.75,14.6,-30.6,-33.7,3.1,3991,3952,39,3971,10.56,0.3,3.17,12.33,33.5,49.1,1,1.51,0.022,NOMINAL,STEP_CW,95
4.5,0.0,0.0,0.1,0.1,132,185,-53,158,1.36,0.0,0.0,11.99,23.6,73.9,0,0.23,0.031,NIGHT_HOLD,PARK_ZERO,98
10.87,71.7,-6.6,-6.6,0.0,3886,3938,2,3912,9.26,0.36,3.33,12.12,32.4,45.8,0,0.2,0.028,SOILED_PANEL,HOLD,73
13.02,72.3,6.0,2.8,3.2,3995,3930,65,3962,10.72,1.5,16.08,12.62,37.9,44.2,1,1.52,0.031,NOMINAL,STEP_CW,98
7.52,29.1,-26.1,-29.3,3.2,4008,3976,32,3992,10.66,0.62,6.61,12.35,35.2,46.7,1,1.52,0.033,NOMINAL,STEP_CW,97
10.81,71.4,-6.9,-6.9,0.2,3981,3970,11,3975,10.48,1.46,15.3,12.55,37.6,41.2,0,0.21,0.032,NOMINAL,HOLD,99
12.09,75.0,0.5,0.5,0.2,3981,3992,-11,3986,10.49,1.52,15.94,12.59,38.2,41.0,0,0.21,0.024,NOMINAL,HOLD,96
10.72,70.8,-7.5,-7.5,0.2,3995,3991,4,3993,10.6,1.48,15.69,12.59,37.1,43.2,0,0.23,0.021,NOMINAL,HOLD,100
11.85,74.9,-0.9,-0.9,0.1,3952,3949,3,3950,10.52,1.58,16.62,12.51,37.2,43.3,0,0.23,0.032,NOMINAL,HOLD,98
13.45,69.7,8.5,8.5,0.0,3815,3823,-9,3819,10.61,1.39,14.75,9.7,35.1,45.0,0,0.19,0.023,BATTERY_UNDERVOLTAGE,HOLD,73
13.16,71.6,6.7,6.7,0.0,3914,3850,-9,3882,10.54,0.82,8.64,9.37,37.3,49.6,0,0.24,0.029,BATTERY_UNDERVOLTAGE,HOLD,70
12.91,72.9,5.3,5.3,0.2,3956,3943,13,3949,10.49,1.53,16.05,12.68,36.8,42.5,0,0.23,0.035,NOMINAL,HOLD,95
16.02,37.1,23.5,23.5,0.2,4020,4022,-2,4021,10.58,0.75,7.94,12.41,35.3,47.0,0,0.2,0.023,NOMINAL,HOLD,98
10.46,69.0,-9.0,-9.0,0.1,4025,4012,13,4018,10.47,1.43,14.97,12.5,38.3,43.4,0,0.19,0.035,NOMINAL,HOLD,96
12.85,73.1,5.0,5.0,0.0,3906,4020,2,3963,10.18,0.59,6.01,12.14,37.0,46.8,0,0.22,0.036,SOILED_PANEL,HOLD,68
8.86,51.0,-18.3,-18.3,0.0,3954,3801,3,3877,10.45,1.23,12.85,9.51,32.2,58.9,0,0.21,0.021,BATTERY_UNDERVOLTAGE,HOLD,65
14.25,62.3,13.1,13.1,0.1,3950,3942,8,3946,10.69,1.32,14.11,12.63,37.5,43.6,0,0.19,0.021,NOMINAL,HOLD,99
11.83,74.9,-1.0,-1.0,0.0,3989,3969,9,3979,9.29,0.57,5.3,12.04,34.5,40.8,0,0.22,0.036,SOILED_PANEL,HOLD,69
16.47,29.3,26.1,26.1,0.1,3977,3980,-3,3978,10.48,0.64,6.71,12.41,34.8,48.3,0,0.2,0.021,NOMINAL,HOLD,98
12.8,73.4,4.7,4.7,0.1,4019,4010,9,4014,10.62,1.48,15.72,12.51,38.4,41.2,0,0.18,0.029,NOMINAL,HOLD,97
6.66,12.8,-31.2,-31.2,0.1,3959,3955,4,3957,10.58,0.24,2.54,12.32,32.5,49.0,0,0.22,0.028,NOMINAL,HOLD,95
7.84,34.8,-24.2,-24.2,0.0,3837,3952,14,3894,10.61,1.34,14.22,9.55,33.3,50.7,0,0.22,0.035,BATTERY_UNDERVOLTAGE,HOLD,67
13.87,66.1,10.9,9.8,1.1,3785,3741,44,3763,10.17,1.14,11.59,11.58,43.6,51.2,1,2.23,0.128,MECHANICAL_JAM,STEP_CW,57
8.1,39.1,-22.8,-21.3,1.5,3981,4007,-26,3994,10.56,0.81,8.55,12.5,34.3,46.9,1,1.53,0.025,NOMINAL,STEP_CCW,98
13.67,67.9,9.8,9.8,0.1,3952,3941,11,3946,10.65,1.39,14.8,12.6,36.9,43.6,0,0.2,0.032,NOMINAL,HOLD,99
13.9,65.9,11.1,11.1,0.0,3846,3880,2,3863,10.21,0.51,5.21,8.87,33.3,52.9,0,0.22,0.027,BATTERY_UNDERVOLTAGE,HOLD,76
8.93,52.1,-17.9,-17.9,0.0,3806,3958,-13,3882,10.23,1.09,11.15,9.69,31.7,54.0,0,0.19,0.039,BATTERY_UNDERVOLTAGE,HOLD,66
7.93,36.3,-23.7,-23.7,0.3,3963,3959,4,3961,10.68,0.73,7.8,12.39,35.8,47.7,0,0.23,0.034,NOMINAL,HOLD,97
14.11,63.8,12.3,12.3,0.2,3960,3966,-6,3963,10.55,1.27,13.4,12.52,38.1,42.5,0,0.23,0.032,NOMINAL,HOLD,96
11.91,75.0,-0.5,2.5,3.0,3938,4012,-74,3975,10.63,1.53,16.26,12.62,37.2,41.8,1,1.5,0.024,NOMINAL,STEP_CCW,95
4.5,0.0,0.0,0.5,0.5,308,89,219,198,2.24,0.0,0.0,11.63,25.8,73.7,0,0.22,0.025,NIGHT_HOLD,PARK_ZERO,98
16.45,29.6,26.0,26.0,0.2,4002,3992,10,3997,10.59,0.63,6.67,12.42,33.5,47.0,0,0.21,0.026,NOMINAL,HOLD,100
11.8,74.9,-1.2,-1.2,0.3,3982,3985,-3,3983,10.59,1.55,16.41,12.69,37.2,42.2,0,0.22,0.034,NOMINAL,HOLD,95
14.86,54.9,16.7,16.7,0.1,3945,3942,3,3943,10.67,1.11,11.84,12.47,35.6,45.4,0,0.24,0.027,NOMINAL,HOLD,100
8.58,47.0,-19.9,-19.9,0.0,3970,3966,4,3968,10.49,0.97,10.18,12.41,35.8,47.1,0,0.21,0.027,NOMINAL,HOLD,95
5.5,0.0,0.0,-0.3,0.3,449,101,348,275,1.01,0.0,0.0,11.69,25.9,65.5,0,0.24,0.037,NIGHT_HOLD,PARK_ZERO,98
14.65,57.6,15.5,15.5,0.0,3958,3949,9,3953,10.48,1.22,12.79,12.53,36.1,44.9,0,0.21,0.02,NOMINAL,HOLD,100
19.0,0.0,0.0,0.6,0.6,129,313,-184,221,1.53,0.0,0.0,12.25,22.4,71.3,0,0.19,0.032,NIGHT_HOLD,PARK_ZERO,98
7.19,23.1,-28.0,-28.0,0.1,4026,4014,12,4020,10.51,0.49,5.15,12.33,33.5,50.8,0,0.2,0.023,NOMINAL,HOLD,95
10.19,66.7,-10.6,-10.6,0.0,3961,3962,-1,3961,10.64,1.37,14.58,12.64,36.4,41.5,0,0.22,0.033,NOMINAL,HOLD,99
12.47,74.4,2.8,2.8,0.0,4012,3960,-10,3986,10.1,1.48,14.95,12.22,53.2,30.8,0,0.24,0.046,THERMAL_OVERHEAT,HOLD,62
8.77,49.7,-18.9,-18.9,0.2,3970,3971,-1,3970,10.65,0.98,10.44,12.4,36.0,47.2,0,0.24,0.029,NOMINAL,HOLD,97
7.05,20.3,-28.9,-28.9,0.0,3860,3849,-12,3854,10.69,1.48,15.82,9.42,36.9,59.8,0,0.21,0.029,BATTERY_UNDERVOLTAGE,HOLD,75
9.54,60.0,-14.3,-14.3,0.2,4000,3993,7,3996,10.52,1.27,13.36,12.43,36.5,42.8,0,0.21,0.024,NOMINAL,HOLD,99
14.84,55.2,16.6,16.6,0.2,3962,3959,3,3960,10.48,1.13,11.84,12.41,35.9,44.4,0,0.19,0.029,NOMINAL,HOLD,98
13.41,69.9,8.3,7.1,1.2,3750,3715,35,3732,9.99,1.11,11.09,11.36,43.1,42.7,1,2.42,0.084,MECHANICAL_JAM,STEP_CW,58
14.57,58.7,15.0,15.0,0.0,3916,3845,0,3880,9.61,0.51,4.9,11.56,34.9,44.0,0,0.22,0.021,SOILED_PANEL,HOLD,71
18.5,0.0,0.0,-0.8,0.8,318,314,4,316,1.05,0.0,0.0,12.18,23.3,60.9,0,0.19,0.036,NIGHT_HOLD,PARK_ZERO,98
16.46,29.4,26.0,26.0,0.2,3951,3958,-7,3954,10.63,0.63,6.7,12.3,34.3,47.9,0,0.2,0.02,NOMINAL,HOLD,98
9.21,55.9,-16.3,-16.3,0.2,4015,4001,14,4008,10.74,1.18,12.67,12.48,35.6,46.5,0,0.24,0.031,NOMINAL,HOLD,99
4.5,0.0,0.0,-0.2,0.2,436,130,306,283,1.13,0.0,0.0,11.72,25.4,55.2,0,0.22,0.039,NIGHT_HOLD,PARK_ZERO,98
10.77,71.2,-7.1,-7.1,0.0,3965,3823,-12,3894,9.73,0.46,4.48,11.96,38.9,51.2,0,0.2,0.029,SOILED_PANEL,HOLD,74
13.22,71.2,7.1,7.1,0.0,3847,4002,-1,3924,9.89,0.6,5.93,11.4,37.0,45.8,0,0.23,0.031,SOILED_PANEL,HOLD,66
9.47,59.1,-14.8,-11.9,2.9,3941,3976,-35,3958,10.49,1.24,13.01,12.56,35.8,45.9,1,1.59,0.03,NOMINAL,STEP_CCW,95
11.19,73.3,-4.7,-4.7,0.0,3958,3810,-1,3884,9.6,0.58,5.57,11.96,36.5,51.6,0,0.21,0.027,SOILED_PANEL,HOLD,70
11.87,75.0,-0.8,-0.8,0.0,3992,3948,10,3970,9.43,0.61,5.75,11.58,34.8,44.0,0,0.23,0.026,SOILED_PANEL,HOLD,63
13.36,70.3,7.9,7.9,0.0,4014,4017,-7,4015,10.34,1.36,14.06,12.3,55.3,32.5,0,0.22,0.043,THERMAL_OVERHEAT,HOLD,66
16.85,22.2,28.3,28.3,0.3,3951,3951,0,3951,10.74,0.44,4.73,12.41,33.0,48.1,0,0.18,0.03,NOMINAL,HOLD,98
10.23,67.1,-10.4,-10.4,0.0,3960,3805,-3,3882,9.66,0.59,5.7,12.15,35.8,46.3,0,0.24,0.02,SOILED_PANEL,HOLD,65
18.5,0.0,0.0,0.7,0.7,346,410,-64,378,0.84,0.0,0.0,12.02,25.9,70.7,0,0.21,0.033,NIGHT_HOLD,PARK_ZERO,98
12.53,74.3,3.1,3.1,0.2,3979,3965,14,3972,10.55,1.52,16.04,12.69,38.5,40.3,0,0.19,0.025,NOMINAL,HOLD,98
13.3,70.7,7.6,7.6,0.2,3962,3971,-9,3966,10.68,1.46,15.59,12.51,37.1,40.7,0,0.23,0.025,NOMINAL,HOLD,96
10.57,69.8,-8.4,-8.4,0.2,3980,3973,7,3976,10.51,1.43,15.03,12.67,37.6,41.2,0,0.24,0.02,NOMINAL,HOLD,98
16.93,20.8,28.7,30.6,1.9,3981,4019,-38,4000,10.57,0.44,4.65,12.31,33.2,51.0,1,1.62,0.035,NOMINAL,STEP_CCW,99
15.3,48.8,19.2,15.4,3.8,3964,3917,47,3940,10.74,0.97,10.42,12.47,35.5,45.1,1,1.58,0.033,NOMINAL,STEP_CW,98
10.26,67.4,-10.1,-10.1,0.0,3955,3964,-9,3959,10.49,0.72,7.55,9.74,32.2,45.3,0,0.21,0.029,BATTERY_UNDERVOLTAGE,HOLD,75
17.23,14.9,30.5,30.5,0.1,4017,4012,5,4014,10.49,0.32,3.36,12.26,33.6,49.7,0,0.21,0.026,NOMINAL,HOLD,95
10.51,69.4,-8.7,-8.7,0.0,3914,3943,-13,3928,10.31,1.39,14.33,9.54,33.3,51.6,0,0.19,0.035,BATTERY_UNDERVOLTAGE,HOLD,71
11.06,72.7,-5.5,-8.5,3.0,3976,3941,35,3958,10.77,1.49,16.05,12.55,38.7,42.7,1,1.52,0.026,NOMINAL,STEP_CW,95
16.56,27.6,26.6,26.6,0.2,4012,4004,8,4008,10.51,0.54,5.68,12.32,34.3,46.5,0,0.23,0.032,NOMINAL,HOLD,99
12.59,74.1,3.5,3.5,0.0,3918,3857,-15,3887,10.6,0.65,6.89,9.1,35.1,54.5,0,0.19,0.033,BATTERY_UNDERVOLTAGE,HOLD,69
11.91,75.0,-0.5,-0.5,0.1,3975,3986,-11,3980,10.76,1.55,16.68,12.57,38.0,41.7,0,0.21,0.024,NOMINAL,HOLD,100
14.14,63.6,12.5,12.5,0.2,3942,3938,4,3940,10.52,1.27,13.36,12.5,37.8,42.1,0,0.23,0.022,NOMINAL,HOLD,97
13.91,65.8,11.1,11.1,0.0,3995,3956,-1,3975,10.25,1.39,14.25,11.85,50.4,34.3,0,0.25,0.042,THERMAL_OVERHEAT,HOLD,57
16.1,35.8,23.9,20.7,3.2,3984,3939,45,3961,10.68,0.7,7.48,12.41,35.5,45.3,1,1.58,0.028,NOMINAL,STEP_CW,97
11.03,72.6,-5.6,-3.7,1.9,3897,3969,-72,3933,10.72,1.51,16.19,12.6,38.2,44.1,1,1.55,0.033,NOMINAL,STEP_CCW,100
14.82,55.5,16.4,16.4,0.1,3954,3966,-12,3960,10.75,1.14,12.25,12.46,36.2,45.9,0,0.23,0.033,NOMINAL,HOLD,99
17.17,16.1,30.2,30.2,0.1,3955,3946,9,3950,10.73,0.3,3.22,12.23,32.5,48.4,0,0.19,0.021,NOMINAL,HOLD,100
7.73,32.8,-24.9,-24.9,0.1,3945,3946,-1,3945,10.48,0.69,7.23,12.39,34.6,49.3,0,0.19,0.021,NOMINAL,HOLD,97
14.8,55.7,16.3,12.5,3.8,4025,3986,39,4005,10.53,1.13,11.9,12.42,37.2,46.3,1,1.61,0.034,NOMINAL,STEP_CW,97
15.55,44.9,20.7,20.7,0.0,3999,3986,4,3992,10.32,1.07,11.04,8.9,34.6,45.2,0,0.19,0.024,BATTERY_UNDERVOLTAGE,HOLD,69
13.52,69.1,8.9,8.9,0.0,3801,3985,-9,3893,10.22,0.67,6.85,12.08,35.8,50.5,0,0.21,0.033,SOILED_PANEL,HOLD,63
10.84,71.6,-6.8,-7.6,0.8,3908,3867,41,3887,9.89,1.39,13.75,11.3,36.9,43.4,1,2.52,0.129,MECHANICAL_JAM,STEP_CW,46
11.96,75.0,-0.2,-0.2,0.0,3898,3872,2,3885,9.86,0.46,4.54,12.18,35.6,48.3,0,0.21,0.037,SOILED_PANEL,HOLD,65
16.34,31.5,25.3,21.5,3.8,3972,3923,49,3947,10.67,0.66,7.04,12.35,34.6,48.5,1,1.48,0.022,NOMINAL,STEP_CW,98
13.0,72.5,5.8,5.8,0.3,3948,3957,-9,3952,10.53,1.46,15.37,12.66,37.6,41.3,0,0.2,0.026,NOMINAL,HOLD,98
13.71,67.6,10.0,10.6,0.6,3943,3983,-40,3963,10.33,1.38,14.26,11.99,40.1,43.5,1,2.35,0.089,MECHANICAL_JAM,STEP_CCW,60
13.41,69.9,8.2,8.2,0.0,3948,3961,-13,3954,10.48,1.41,14.78,12.59,37.2,41.9,0,0.21,0.029,NOMINAL,HOLD,95
12.22,74.9,1.3,1.3,0.1,4024,4029,-5,4026,10.62,1.54,16.35,12.66,38.1,40.1,0,0.21,0.031,NOMINAL,HOLD,98
7.81,34.2,-24.4,-24.4,0.3,3998,3998,0,3998,10.52,0.72,7.57,12.44,35.5,46.1,0,0.18,0.026,NOMINAL,HOLD,97
11.86,75.0,-0.8,-0.8,0.2,4010,4003,7,4006,10.64,1.54,16.39,12.67,38.0,41.6,0,0.22,0.027,NOMINAL,HOLD,98
10.38,68.4,-9.4,-7.1,2.3,3941,4025,-84,3983,10.72,1.39,14.9,12.61,36.5,44.5,1,1.49,0.025,NOMINAL,STEP_CCW,95
17.41,11.5,31.6,31.6,0.0,3971,3978,-7,3974,10.56,0.2,2.11,12.3,33.7,48.9,0,0.19,0.023,NOMINAL,HOLD,99
11.61,74.6,-2.3,-2.3,0.0,3908,3945,1,3926,10.65,0.77,8.2,9.5,34.7,59.8,0,0.2,0.028,BATTERY_UNDERVOLTAGE,HOLD,74
11.93,75.0,-0.4,-0.4,0.0,3976,3972,-6,3974,9.57,0.53,5.07,12.01,34.7,49.2,0,0.22,0.029,SOILED_PANEL,HOLD,69
17.22,15.3,30.4,30.4,0.3,3976,3984,-8,3980,10.56,0.32,3.38,12.34,33.5,51.8,0,0.2,0.031,NOMINAL,HOLD,99
11.02,72.6,-5.7,-5.7,0.0,3817,3945,4,3881,9.72,0.42,4.08,12.04,37.2,44.5,0,0.24,0.029,SOILED_PANEL,HOLD,70
11.14,73.1,-5.0,-5.0,0.0,3864,3959,1,3911,10.43,1.26,13.14,8.98,30.1,55.5,0,0.23,0.032,BATTERY_UNDERVOLTAGE,HOLD,68
15.56,44.7,20.8,23.0,2.2,3973,4018,-45,3995,10.73,0.95,10.19,12.53,36.0,44.3,1,1.59,0.023,NOMINAL,STEP_CCW,98
9.9,64.0,-12.2,-12.2,0.0,3975,3995,-3,3985,10.13,0.49,4.96,12.09,39.3,49.5,0,0.24,0.025,SOILED_PANEL,HOLD,66
9.32,57.3,-15.6,-15.6,0.1,3959,3970,-11,3964,10.54,1.2,12.65,12.5,36.7,44.1,0,0.19,0.03,NOMINAL,HOLD,95
10.18,66.7,-10.6,-13.9,3.3,3721,3676,45,3698,10.57,1.14,12.05,11.22,42.9,42.8,1,2.43,0.141,MECHANICAL_JAM,STEP_CW,58
13.89,66.0,11.0,13.5,2.5,3935,3967,-32,3951,10.64,1.35,14.36,12.48,37.6,43.5,1,1.51,0.032,NOMINAL,STEP_CCW,99
15.08,52.0,17.9,16.1,1.8,3999,4044,-45,4021,10.39,1.3,13.51,11.8,43.5,44.2,1,2.16,0.095,MECHANICAL_JAM,STEP_CCW,53
9.3,57.0,-15.8,-15.8,0.1,4029,4032,-3,4030,10.56,1.16,12.25,12.54,37.5,45.9,0,0.24,0.034,NOMINAL,HOLD,97
10.55,69.6,-8.5,-8.5,0.2,4017,4003,14,4010,10.69,1.45,15.5,12.48,38.4,43.4,0,0.18,0.024,NOMINAL,HOLD,98
16.58,27.2,26.7,26.7,0.0,3892,4007,6,3949,10.26,1.37,14.06,9.66,33.1,58.6,0,0.2,0.04,BATTERY_UNDERVOLTAGE,HOLD,69
16.36,31.2,25.5,25.5,0.0,3993,3860,-6,3926,10.31,1.39,14.33,9.72,35.1,58.2,0,0.23,0.028,BATTERY_UNDERVOLTAGE,HOLD,65
8.64,47.8,-19.6,-17.6,2.0,3870,3905,-35,3887,10.37,1.34,13.9,11.86,42.6,49.0,1,2.38,0.105,MECHANICAL_JAM,STEP_CCW,55
6.8,15.6,-30.3,-30.3,0.2,3996,3990,6,3993,10.51,0.31,3.26,12.31,32.9,48.2,0,0.23,0.022,NOMINAL,HOLD,99
14.94,53.8,17.2,17.2,0.0,4027,4022,5,4024,10.75,1.1,11.83,12.56,35.6,43.5,0,0.2,0.029,NOMINAL,HOLD,97
8.69,48.5,-19.3,-19.3,0.1,3988,3974,14,3981,10.74,0.97,10.42,12.55,36.7,46.1,0,0.24,0.029,NOMINAL,HOLD,95
8.68,48.4,-19.4,-21.3,1.9,4029,3978,51,4003,10.55,0.96,10.13,12.43,36.8,44.0,1,1.54,0.031,NOMINAL,STEP_CW,98
16.71,24.8,27.5,24.8,2.7,3976,3936,40,3956,10.73,0.53,5.69,12.29,34.0,47.2,1,1.51,0.033,NOMINAL,STEP_CW,99
14.59,58.4,15.1,16.7,1.6,3909,3869,40,3889,10.43,0.91,9.49,11.98,37.9,46.5,1,2.24,0.121,MECHANICAL_JAM,STEP_CW,59
11.81,74.9,-1.1,-1.1,0.0,3882,3977,0,3929,9.96,0.6,5.98,11.97,37.9,43.8,0,0.2,0.021,SOILED_PANEL,HOLD,67
11.68,74.7,-1.9,-1.9,0.2,4016,4009,7,4012,10.71,1.5,16.07,12.6,37.7,43.9,0,0.22,0.03,NOMINAL,HOLD,96
12.66,73.9,3.8,3.8,0.1,4003,4001,2,4002,10.73,1.49,15.99,12.56,38.0,40.7,0,0.24,0.022,NOMINAL,HOLD,95
11.99,75.0,-0.1,2.1,2.2,3943,4005,-62,3974,10.73,1.55,16.63,12.65,37.5,41.3,1,1.52,0.033,NOMINAL,STEP_CCW,97
11.9,75.0,-0.6,2.3,2.9,3980,4006,-26,3993,10.51,1.52,15.98,12.51,37.5,42.8,1,1.49,0.027,NOMINAL,STEP_CCW,98
19.0,0.0,0.0,1.0,1.0,367,328,39,347,1.14,0.0,0.0,11.6,26.3,58.0,0,0.2,0.024,NIGHT_HOLD,PARK_ZERO,98
15.35,48.0,19.5,19.5,0.0,3991,3930,11,3960,10.34,1.39,14.37,9.39,34.7,59.6,0,0.21,0.031,BATTERY_UNDERVOLTAGE,HOLD,71
9.21,55.8,-16.3,-16.3,0.0,3943,3947,-4,3945,10.76,1.12,12.05,12.47,37.3,43.0,0,0.2,0.025,NOMINAL,HOLD,95
13.98,65.1,11.6,11.6,0.0,3968,3922,2,3945,9.89,0.44,4.35,11.93,34.6,40.7,0,0.23,0.029,SOILED_PANEL,HOLD,73
16.48,29.1,26.1,24.3,1.8,3956,3875,81,3915,10.55,0.62,6.54,12.4,34.4,48.5,1,1.59,0.021,NOMINAL,STEP_CW,97
14.79,55.9,16.3,16.3,0.0,3902,3822,-12,3862,10.14,0.41,4.16,12.02,34.3,51.3,0,0.23,0.022,SOILED_PANEL,HOLD,69
14.59,58.4,15.1,18.9,3.8,3919,3966,-47,3942,10.5,1.18,12.39,12.45,36.6,43.8,1,1.53,0.024,NOMINAL,STEP_CCW,99
14.82,55.5,16.5,13.5,3.0,4030,3977,53,4003,10.48,1.12,11.74,12.49,35.9,45.4,1,1.54,0.022,NOMINAL,STEP_CW,98
13.62,68.4,9.4,9.4,0.1,4001,4013,-12,4007,10.77,1.42,15.29,12.52,37.0,42.6,0,0.2,0.029,NOMINAL,HOLD,99
5.5,0.0,0.0,0.0,0.0,341,297,44,319,1.03,0.0,0.0,11.92,26.3,71.3,0,0.2,0.032,NIGHT_HOLD,PARK_ZERO,98
6.68,13.3,-31.0,-33.7,2.7,3973,3897,76,3935,10.48,0.27,2.83,12.31,32.7,51.1,1,1.6,0.031,NOMINAL,STEP_CW,98
9.42,58.5,-15.1,-11.4,3.7,3903,3977,-74,3940,10.69,1.21,12.93,12.59,35.9,44.3,1,1.51,0.02,NOMINAL,STEP_CCW,95
20.0,0.0,0.0,-0.1,0.1,287,416,-129,351,2.41,0.0,0.0,12.04,24.9,67.4,0,0.24,0.027,NIGHT_HOLD,PARK_ZERO,98
14.09,64.0,12.2,12.2,0.1,3957,3967,-10,3962,10.5,1.28,13.44,12.64,37.8,42.3,0,0.18,0.03,NOMINAL,HOLD,100
14.74,56.6,16.0,18.5,2.5,3854,3792,62,3823,10.42,0.97,10.11,11.54,36.9,51.0,1,2.51,0.111,MECHANICAL_JAM,STEP_CW,60
15.96,38.2,23.1,23.1,0.1,3990,3986,4,3988,10.47,0.8,8.38,12.45,36.0,48.3,0,0.18,0.031,NOMINAL,HOLD,99
17.49,10.0,32.0,32.0,0.1,4015,4013,2,4014,10.75,0.24,2.58,12.33,32.3,48.9,0,0.22,0.02,NOMINAL,HOLD,99
7.64,31.1,-25.5,-25.5,0.0,3965,3906,13,3935,10.44,0.99,10.34,9.74,32.8,55.5,0,0.18,0.026,BATTERY_UNDERVOLTAGE,HOLD,68
11.32,73.8,-4.0,-4.0,0.2,3983,3976,7,3979,10.73,1.53,16.42,12.59,38.7,43.1,0,0.24,0.026,NOMINAL,HOLD,98
13.9,65.9,11.1,7.6,3.5,3970,3893,77,3931,10.55,1.37,14.45,12.58,36.5,42.0,1,1.57,0.029,NOMINAL,STEP_CW,95
16.87,21.8,28.4,28.4,0.1,3946,3943,3,3944,10.58,0.43,4.55,12.35,33.1,50.5,0,0.24,0.028,NOMINAL,HOLD,95
8.14,39.8,-22.5,-22.5,0.0,3858,3830,2,3844,10.31,0.76,7.84,9.14,32.8,45.7,0,0.23,0.025,BATTERY_UNDERVOLTAGE,HOLD,67
16.11,35.6,24.0,24.0,0.0,3996,4009,-13,4002,10.76,0.75,8.07,12.48,35.4,47.7,0,0.23,0.033,NOMINAL,HOLD,95
6.96,18.7,-29.4,-29.4,0.2,3966,3953,13,3959,10.52,0.37,3.89,12.29,33.5,50.4,0,0.23,0.021,NOMINAL,HOLD,100
14.46,60.0,14.3,14.3,0.0,3965,3975,4,3970,10.58,1.43,15.13,11.8,54.8,32.7,0,0.22,0.033,THERMAL_OVERHEAT,HOLD,59
14.26,62.2,13.2,13.2,0.0,3996,4030,-3,4013,10.18,1.43,14.56,12.05,50.6,36.0,0,0.22,0.038,THERMAL_OVERHEAT,HOLD,62
12.18,74.9,1.0,1.0,0.3,3958,3958,0,3958,10.69,1.54,16.46,12.51,37.7,41.6,0,0.23,0.032,NOMINAL,HOLD,98
5.5,0.0,0.0,0.3,0.3,408,157,251,282,2.26,0.0,0.0,11.55,25.8,69.3,0,0.22,0.03,NIGHT_HOLD,PARK_ZERO,98
11.02,72.5,-5.7,-5.7,0.0,3974,3979,2,3976,10.64,1.22,12.98,9.11,32.8,57.4,0,0.23,0.032,BATTERY_UNDERVOLTAGE,HOLD,67
11.41,74.1,-3.5,-3.5,0.2,4019,4008,11,4013,10.68,1.55,16.55,12.65,37.7,40.9,0,0.22,0.025,NOMINAL,HOLD,95
10.79,71.3,-7.1,-10.8,3.7,4019,3960,59,3989,10.5,1.46,15.33,12.58,38.2,41.1,1,1.52,0.02,NOMINAL,STEP_CW,99
9.15,55.1,-16.6,-19.9,3.3,3964,3906,58,3935,10.72,1.11,11.9,12.5,35.7,45.7,1,1.58,0.034,NOMINAL,STEP_CW,98
14.37,61.0,13.8,13.8,0.0,3916,3886,-8,3901,10.6,1.49,15.79,9.37,37.2,54.4,0,0.21,0.032,BATTERY_UNDERVOLTAGE,HOLD,70
13.67,68.0,9.7,9.7,0.0,4008,3983,3,3995,10.54,1.21,12.75,9.32,32.0,49.9,0,0.21,0.036,BATTERY_UNDERVOLTAGE,HOLD,70
8.11,39.4,-22.7,-22.7,0.1,3947,3959,-12,3953,10.51,0.79,8.3,12.33,35.5,46.4,0,0.21,0.028,NOMINAL,HOLD,98
12.93,72.8,5.4,5.4,0.3,4002,3994,8,3998,10.6,1.47,15.58,12.59,37.8,42.1,0,0.22,0.035,NOMINAL,HOLD,99
7.8,34.0,-24.5,-24.5,0.1,3960,3951,9,3955,10.58,0.73,7.72,12.4,34.5,45.9,0,0.24,0.029,NOMINAL,HOLD,95
7.8,34.0,-24.5,-24.5,0.1,4002,4007,-5,4004,10.51,0.72,7.57,12.37,35.6,46.7,0,0.18,0.024,NOMINAL,HOLD,96
11.88,75.0,-0.7,-0.7,0.1,3945,3932,13,3938,10.64,1.54,16.39,12.68,38.6,41.9,0,0.21,0.031,NOMINAL,HOLD,99
9.83,63.2,-12.7,-12.7,0.0,3962,3917,12,3939,9.69,0.51,4.94,12.09,34.6,52.0,0,0.23,0.028,SOILED_PANEL,HOLD,65
10.23,67.1,-10.3,-10.3,0.2,3975,3975,0,3975,10.73,1.39,14.91,12.57,38.0,43.9,0,0.22,0.028,NOMINAL,HOLD,95
7.44,27.5,-26.6,-23.7,2.9,3919,3956,-37,3937,10.63,0.58,6.17,12.35,33.2,49.0,1,1.61,0.028,NOMINAL,STEP_CCW,95
9.65,61.2,-13.7,-11.4,2.3,3973,3908,65,3940,10.29,1.1,11.32,11.24,42.9,42.2,1,2.34,0.109,MECHANICAL_JAM,STEP_CW,55
12.27,74.8,1.6,1.6,0.0,3962,4019,-5,3990,10.24,1.25,12.8,12.26,50.1,37.5,0,0.24,0.031,THERMAL_OVERHEAT,HOLD,60
13.71,67.6,10.0,8.6,1.4,3911,3877,34,3894,10.51,1.03,10.83,11.95,43.2,42.5,1,2.23,0.122,MECHANICAL_JAM,STEP_CW,52
14.78,56.0,16.2,16.2,0.0,3980,3993,-13,3986,10.59,1.15,12.18,12.48,36.0,46.1,0,0.21,0.024,NOMINAL,HOLD,99
9.21,55.9,-16.3,-16.3,0.2,4012,4017,-5,4014,10.5,1.16,12.18,12.44,37.4,44.0,0,0.2,0.035,NOMINAL,HOLD,96
11.16,73.2,-4.9,-2.3,2.6,3924,4009,-85,3966,10.66,1.51,16.1,12.52,37.0,43.9,1,1.61,0.024,NOMINAL,STEP_CCW,97
10.68,70.6,-7.7,-7.7,0.2,4005,4001,4,4003,10.52,1.45,15.25,12.49,36.8,43.4,0,0.2,0.032,NOMINAL,HOLD,100
9.57,60.4,-14.2,-14.2,0.2,3980,3969,11,3974,10.75,1.25,13.44,12.62,37.2,43.0,0,0.23,0.03,NOMINAL,HOLD,97
11.6,74.6,-2.3,-2.3,0.0,3953,3884,-15,3918,10.66,0.63,6.72,9.72,34.9,45.1,0,0.18,0.023,BATTERY_UNDERVOLTAGE,HOLD,73
14.24,62.5,13.0,10.2,2.8,3959,3883,76,3921,10.74,1.31,14.07,12.52,36.2,45.6,1,1.56,0.026,NOMINAL,STEP_CW,99
8.77,49.8,-18.8,-18.8,0.0,3996,4007,7,4001,10.69,0.62,6.63,9.17,31.5,45.1,0,0.22,0.035,BATTERY_UNDERVOLTAGE,HOLD,75
10.44,68.8,-9.1,-9.1,0.2,3968,3973,-5,3970,10.62,1.4,14.87,12.52,38.3,43.7,0,0.19,0.023,NOMINAL,HOLD,96
13.52,69.1,8.9,8.9,0.1,4003,4001,2,4002,10.53,1.44,15.16,12.6,37.7,41.5,0,0.19,0.029,NOMINAL,HOLD,100
19.0,0.0,0.0,0.9,0.9,196,347,-151,271,1.82,0.0,0.0,11.75,27.1,55.5,0,0.24,0.034,NIGHT_HOLD,PARK_ZERO,98
13.99,65.1,11.6,13.1,1.5,3898,3956,-58,3927,10.57,1.36,14.38,12.53,36.4,43.4,1,1.6,0.027,NOMINAL,STEP_CCW,99
16.22,33.7,24.6,24.6,0.1,4008,4009,-1,4008,10.47,0.67,7.01,12.3,34.8,45.6,0,0.21,0.031,NOMINAL,HOLD,100
7.32,25.4,-27.3,-27.3,0.0,3948,3953,-5,3950,10.5,0.52,5.46,12.4,34.2,49.1,0,0.22,0.025,NOMINAL,HOLD,97
11.79,74.9,-1.2,2.0,3.2,3737,3706,31,3721,10.42,1.21,12.61,11.81,41.0,47.8,1,2.15,0.084,MECHANICAL_JAM,STEP_CW,46
14.67,57.4,15.6,15.6,0.0,3958,3966,-9,3962,10.56,1.33,14.04,11.98,53.4,28.7,0,0.24,0.041,THERMAL_OVERHEAT,HOLD,59
10.92,72.0,-6.3,-6.3,0.1,4016,4003,13,4009,10.66,1.47,15.67,12.58,37.6,42.9,0,0.23,0.022,NOMINAL,HOLD,100
15.11,51.5,18.2,18.2,0.1,3953,3961,-8,3957,10.65,1.02,10.86,12.53,35.5,45.4,0,0.19,0.03,NOMINAL,HOLD,97
11.81,74.9,-1.1,-1.1,0.0,3958,3913,-10,3935,10.32,1.3,13.42,8.86,32.5,51.5,0,0.24,0.035,BATTERY_UNDERVOLTAGE,HOLD,69
12.45,74.5,2.6,2.6,0.1,3983,3978,5,3980,10.76,1.53,16.46,12.63,37.2,41.0,0,0.2,0.032,NOMINAL,HOLD,99
11.14,73.1,-5.0,-5.0,0.1,3948,3956,-8,3952,10.67,1.52,16.22,12.69,38.0,41.6,0,0.2,0.029,NOMINAL,HOLD,97
11.11,73.0,-5.2,-5.2,0.1,3945,3934,11,3939,10.75,1.51,16.23,12.63,37.8,41.1,0,0.21,0.027,NOMINAL,HOLD,97
10.64,70.3,-8.0,-8.0,0.2,3986,4000,-14,3993,10.58,1.45,15.34,12.5,37.5,43.2,0,0.18,0.034,NOMINAL,HOLD,97
5.5,0.0,0.0,-0.6,0.6,225,169,56,197,0.55,0.0,0.0,11.74,23.0,72.0,0,0.19,0.024,NIGHT_HOLD,PARK_ZERO,98
10.57,69.8,-8.3,-8.3,0.0,3825,3805,9,3815,9.35,0.58,5.42,12.11,34.7,43.2,0,0.22,0.027,SOILED_PANEL,HOLD,67
16.85,22.2,28.3,32.3,4.0,3976,4005,-29,3990,10.49,0.43,4.51,12.4,34.4,47.8,1,1.6,0.026,NOMINAL,STEP_CCW,97
11.3,73.7,-4.1,-4.1,0.0,3962,3862,14,3912,10.22,1.12,11.45,8.99,34.3,56.8,0,0.2,0.021,BATTERY_UNDERVOLTAGE,HOLD,77
8.26,41.9,-21.8,-21.8,0.0,3930,3949,13,3939,10.44,1.23,12.84,9.58,36.3,54.2,0,0.19,0.028,BATTERY_UNDERVOLTAGE,HOLD,75
10.62,70.1,-8.1,-8.1,0.1,3987,3979,8,3983,10.61,1.48,15.7,12.57,37.8,43.2,0,0.21,0.032,NOMINAL,HOLD,100
18.5,0.0,0.0,0.8,0.8,311,200,111,255,0.99,0.0,0.0,11.78,27.3,66.4,0,0.24,0.027,NIGHT_HOLD,PARK_ZERO,98
7.98,37.1,-23.5,-23.5,0.1,3969,3972,-3,3970,10.61,0.77,8.17,12.38,34.9,46.7,0,0.22,0.032,NOMINAL,HOLD,97
8.2,40.8,-22.2,-22.6,0.4,3742,3803,-61,3772,10.04,1.15,11.55,11.64,36.6,44.8,1,2.23,0.088,MECHANICAL_JAM,STEP_CCW,56
18.5,0.0,0.0,-0.3,0.3,425,248,177,336,0.63,0.0,0.0,12.17,26.6,71.9,0,0.19,0.032,NIGHT_HOLD,PARK_ZERO,98
14.13,63.6,12.4,12.4,0.0,3983,3989,5,3986,10.2,0.35,3.57,11.64,38.6,51.7,0,0.22,0.028,SOILED_PANEL,HOLD,71
6.63,12.3,-31.3,-31.3,0.3,3990,4000,-10,3995,10.69,0.23,2.46,12.21,33.2,50.6,0,0.19,0.027,NOMINAL,HOLD,98
7.86,35.1,-24.2,-24.2,0.0,4016,3848,-2,3932,10.59,1.2,12.71,9.01,33.6,53.4,0,0.2,0.032,BATTERY_UNDERVOLTAGE,HOLD,67
14.38,60.9,13.9,13.9,0.0,3927,4007,6,3967,10.62,0.84,8.92,9.22,35.5,51.1,0,0.23,0.031,BATTERY_UNDERVOLTAGE,HOLD,70
12.74,73.6,4.3,4.3,0.0,4012,4016,-4,4014,10.65,1.52,16.19,12.67,38.8,41.0,0,0.22,0.026,NOMINAL,HOLD,99
13.42,69.8,8.3,8.3,0.0,3992,4022,4,4007,10.42,1.29,13.44,11.9,53.7,29.8,0,0.25,0.042,THERMAL_OVERHEAT,HOLD,55
8.56,46.5,-20.1,-16.9,3.2,3849,3803,46,3826,10.33,0.93,9.61,11.25,40.1,43.7,1,2.57,0.109,MECHANICAL_JAM,STEP_CW,50
7.92,36.1,-23.8,-23.8,0.2,3966,3968,-2,3967,10.53,0.74,7.79,12.43,34.8,47.6,0,0.19,0.034,NOMINAL,HOLD,99
13.73,67.4,10.1,9.8,0.3,3928,3888,40,3908,9.85,1.1,10.84,11.85,40.2,51.1,1,2.58,0.112,MECHANICAL_JAM,STEP_CW,46
9.67,61.4,-13.6,-11.0,2.6,3947,3988,-41,3967,10.72,1.29,13.83,12.51,36.3,44.3,1,1.53,0.026,NOMINAL,STEP_CCW,98
8.52,45.9,-20.3,-20.3,0.1,3970,3983,-13,3976,10.52,0.97,10.2,12.45,36.0,44.1,0,0.23,0.031,NOMINAL,HOLD,96
11.02,72.6,-5.7,-7.5,1.8,3959,3910,49,3934,10.62,1.51,16.04,12.57,37.1,41.2,1,1.59,0.021,NOMINAL,STEP_CW,95
20.0,0.0,0.0,-0.2,0.2,284,179,105,231,0.99,0.0,0.0,11.51,22.7,73.3,0,0.2,0.035,NIGHT_HOLD,PARK_ZERO,98
7.25,24.1,-27.7,-27.7,0.1,3957,3957,0,3957,10.55,0.47,4.96,12.4,34.1,47.5,0,0.21,0.022,NOMINAL,HOLD,100
12.23,74.9,1.4,1.4,0.0,3951,3984,-6,3967,10.32,1.25,12.9,12.23,55.2,33.3,0,0.23,0.031,THERMAL_OVERHEAT,HOLD,65
13.55,68.9,9.0,5.3,3.7,3989,3939,50,3964,10.65,1.38,14.7,12.54,36.9,41.8,1,1.54,0.034,NOMINAL,STEP_CW,96
11.53,74.4,-2.7,-2.7,0.0,3803,3886,-6,3844,9.95,0.37,3.68,12.17,32.8,52.5,0,0.23,0.034,SOILED_PANEL,HOLD,62
7.68,32.0,-25.2,-25.2,0.2,4019,4027,-8,4023,10.63,0.69,7.33,12.29,34.0,47.2,0,0.19,0.023,NOMINAL,HOLD,98
6.63,12.3,-31.3,-31.3,0.1,3975,3968,7,3971,10.58,0.22,2.33,12.21,32.6,50.7,0,0.22,0.035,NOMINAL,HOLD,95
15.2,50.1,18.7,21.6,2.9,3893,3962,-69,3927,10.76,1.04,11.19,12.5,37.0,46.1,1,1.56,0.025,NOMINAL,STEP_CCW,100
14.06,64.3,12.0,15.2,3.2,3911,3992,-81,3951,10.74,1.31,14.07,12.55,37.6,43.4,1,1.48,0.031,NOMINAL,STEP_CCW,95
12.93,72.8,5.4,8.2,2.8,3824,3874,-50,3849,10.3,0.93,9.58,11.5,38.4,43.5,1,2.21,0.083,MECHANICAL_JAM,STEP_CCW,59
10.12,66.1,-11.0,-11.0,0.2,3945,3935,10,3940,10.76,1.37,14.74,12.51,36.3,44.6,0,0.21,0.025,NOMINAL,HOLD,96
8.43,44.6,-20.8,-17.9,2.9,3966,4017,-51,3991,10.06,1.12,11.27,11.2,43.0,42.7,1,2.21,0.124,MECHANICAL_JAM,STEP_CCW,49
7.88,35.5,-24.0,-24.0,0.2,3966,3955,11,3960,10.49,0.75,7.87,12.35,35.3,46.3,0,0.19,0.023,NOMINAL,HOLD,96
12.76,73.5,4.5,4.5,0.0,3962,3851,-7,3906,10.63,0.98,10.42,9.75,32.9,50.7,0,0.21,0.028,BATTERY_UNDERVOLTAGE,HOLD,74
14.86,54.9,16.7,13.2,3.5,3998,3971,27,3984,10.49,1.16,12.17,12.45,36.5,44.9,1,1.54,0.023,NOMINAL,STEP_CW,98
11.49,74.3,-3.0,-3.0,0.2,3982,3994,-12,3988,10.61,1.5,15.91,12.53,37.0,42.1,0,0.19,0.031,NOMINAL,HOLD,98
11.07,72.8,-5.4,-5.4,0.2,4002,4004,-2,4003,10.77,1.46,15.72,12.67,38.8,40.8,0,0.2,0.034,NOMINAL,HOLD,96
11.49,74.3,-3.0,-4.7,1.7,3888,3921,-33,3904,10.36,1.23,12.74,11.94,41.9,44.4,1,2.12,0.137,MECHANICAL_JAM,STEP_CCW,45
13.6,68.5,9.3,9.3,0.1,3958,3951,7,3954,10.65,1.44,15.34,12.63,36.5,43.9,0,0.2,0.03,NOMINAL,HOLD,98
13.76,67.2,10.3,10.3,0.0,3960,4016,-4,3988,10.54,1.25,13.17,12.06,53.8,33.0,0,0.23,0.048,THERMAL_OVERHEAT,HOLD,64
11.12,73.0,-5.2,-5.2,0.0,3986,3822,-12,3904,10.52,1.28,13.47,9.14,31.1,56.2,0,0.24,0.028,BATTERY_UNDERVOLTAGE,HOLD,69
18.5,0.0,0.0,0.6,0.6,80,129,-49,104,0.17,0.0,0.0,12.13,25.1,68.1,0,0.22,0.023,NIGHT_HOLD,PARK_ZERO,98
14.11,63.8,12.3,12.3,0.0,3975,4012,-5,3993,10.35,1.23,12.73,12.14,50.5,30.0,0,0.24,0.046,THERMAL_OVERHEAT,HOLD,58
15.22,49.9,18.8,18.2,0.6,3850,3816,34,3833,9.87,0.96,9.48,11.25,36.2,44.3,1,2.37,0.133,MECHANICAL_JAM,STEP_CW,45
5.5,0.0,0.0,0.3,0.3,101,129,-28,115,0.53,0.0,0.0,12.21,24.3,65.4,0,0.24,0.025,NIGHT_HOLD,PARK_ZERO,98
14.83,55.4,16.5,16.5,0.1,3983,3976,7,3979,10.72,1.17,12.54,12.53,36.2,42.8,0,0.24,0.025,NOMINAL,HOLD,97
6.53,10.4,-31.9,-29.4,2.5,3935,3967,-32,3951,10.51,0.22,2.31,12.35,33.3,49.6,1,1.48,0.027,NOMINAL,STEP_CCW,100
11.73,74.8,-1.6,-1.6,0.1,3981,3975,6,3978,10.58,1.5,15.87,12.66,37.6,41.8,0,0.18,0.029,NOMINAL,HOLD,98
15.23,49.7,18.9,18.9,0.3,4024,4023,1,4023,10.74,1.04,11.17,12.42,35.4,43.9,0,0.23,0.028,NOMINAL,HOLD,99
14.38,60.9,13.9,13.9,0.1,3978,3990,-12,3984,10.77,1.29,13.89,12.52,37.7,45.7,0,0.23,0.027,NOMINAL,HOLD,99
9.69,61.7,-13.5,-11.7,1.8,3714,3773,-59,3743,9.93,1.36,13.5,11.92,42.1,44.2,1,2.24,0.113,MECHANICAL_JAM,STEP_CCW,48
16.65,26.0,27.1,27.1,0.1,4028,4017,11,4022,10.54,0.54,5.69,12.42,33.2,47.9,0,0.2,0.034,NOMINAL,HOLD,100
10.7,70.7,-7.6,-7.6,0.2,3995,3982,13,3988,10.54,1.42,14.97,12.49,36.8,43.5,0,0.23,0.034,NOMINAL,HOLD,100
12.8,73.4,4.7,4.7,0.1,4013,4015,-2,4014,10.56,1.51,15.95,12.53,37.6,41.9,0,0.22,0.032,NOMINAL,HOLD,100
7.89,35.6,-24.0,-24.0,0.2,3990,4001,-11,3995,10.73,0.72,7.73,12.45,34.4,46.1,0,0.18,0.03,NOMINAL,HOLD,96
8.1,39.3,-22.7,-22.7,0.2,3944,3936,8,3940,10.56,0.85,8.98,12.33,36.1,47.6,0,0.22,0.027,NOMINAL,HOLD,96
14.25,62.4,13.1,13.1,0.3,3959,3963,-4,3961,10.53,1.3,13.69,12.59,37.4,41.9,0,0.23,0.033,NOMINAL,HOLD,96
14.5,59.5,14.6,14.6,0.2,3960,3947,13,3953,10.63,1.21,12.86,12.55,37.7,45.1,0,0.24,0.026,NOMINAL,HOLD,99
9.61,60.7,-14.0,-10.7,3.3,3950,4000,-50,3975,10.57,1.27,13.42,12.6,36.0,45.6,1,1.49,0.025,NOMINAL,STEP_CCW,100
9.83,63.2,-12.7,-12.7,0.0,3978,3923,-3,3950,10.19,0.42,4.28,12.04,33.6,49.8,0,0.22,0.037,SOILED_PANEL,HOLD,63
17.37,12.2,31.3,31.3,0.3,4026,4027,-1,4026,10.75,0.22,2.37,12.36,32.3,48.6,0,0.23,0.035,NOMINAL,HOLD,100
11.34,73.9,-3.9,-3.9,0.0,3838,3960,8,3899,10.4,0.53,5.51,9.04,33.9,55.3,0,0.24,0.033,BATTERY_UNDERVOLTAGE,HOLD,71
17.4,11.7,31.5,31.5,0.0,4023,4023,0,4023,10.66,0.24,2.56,12.16,32.2,48.9,0,0.2,0.03,NOMINAL,HOLD,99
12.69,73.8,4.1,7.5,3.4,3792,3734,58,3763,10.11,1.4,14.15,11.76,38.4,43.3,1,2.28,0.13,MECHANICAL_JAM,STEP_CW,50
14.21,62.8,12.9,12.9,0.2,4007,3996,11,4001,10.63,1.3,13.82,12.58,37.6,42.1,0,0.21,0.031,NOMINAL,HOLD,100
8.49,45.5,-20.5,-20.5,0.1,3997,3994,3,3995,10.51,0.9,9.46,12.38,35.0,46.2,0,0.23,0.033,NOMINAL,HOLD,95
9.75,62.3,-13.1,-13.1,0.0,3876,3893,5,3884,9.39,0.69,6.48,11.93,34.0,40.7,0,0.25,0.038,SOILED_PANEL,HOLD,66
11.39,74.1,-3.5,-3.5,0.2,3985,3983,2,3984,10.62,1.54,16.35,12.63,37.0,40.3,0,0.22,0.022,NOMINAL,HOLD,96
13.12,71.8,6.6,6.6,0.1,4019,4029,-10,4024,10.63,1.45,15.41,12.61,37.1,42.3,0,0.21,0.034,NOMINAL,HOLD,100
14.14,63.5,12.5,12.5,0.0,3974,3965,9,3969,10.68,1.28,13.67,12.51,37.4,44.8,0,0.24,0.029,NOMINAL,HOLD,98
9.98,64.8,-11.8,-14.2,2.4,3981,3917,64,3949,10.51,1.3,13.66,12.56,36.3,43.9,1,1.49,0.025,NOMINAL,STEP_CW,97
8.11,39.3,-22.7,-24.9,2.2,3998,3966,32,3982,10.54,0.84,8.85,12.47,34.4,46.9,1,1.62,0.033,NOMINAL,STEP_CW,99
11.89,75.0,-0.7,-0.7,0.2,3976,3963,13,3969,10.65,1.57,16.72,12.53,38.9,41.6,0,0.21,0.025,NOMINAL,HOLD,100
15.18,50.5,18.5,18.5,0.3,4001,4003,-2,4002,10.55,1.05,11.08,12.51,36.4,43.8,0,0.22,0.029,NOMINAL,HOLD,97
19.0,0.0,0.0,0.4,0.4,207,427,-220,317,1.52,0.0,0.0,12.14,23.1,74.7,0,0.23,0.03,NIGHT_HOLD,PARK_ZERO,98
11.42,74.1,-3.4,-0.3,3.1,3856,3814,42,3835,10.13,1.06,10.74,11.27,36.6,49.3,1,2.62,0.092,MECHANICAL_JAM,STEP_CW,46
10.72,70.8,-7.5,-7.5,0.0,3926,4006,-12,3966,10.26,0.5,5.13,11.81,37.8,47.2,0,0.23,0.04,SOILED_PANEL,HOLD,70
10.96,72.2,-6.1,-6.1,0.3,3940,3931,9,3935,10.68,1.5,16.02,12.53,38.3,44.2,0,0.22,0.032,NOMINAL,HOLD,99
6.97,18.8,-29.4,-29.4,0.1,4007,3993,14,4000,10.52,0.37,3.89,12.23,33.2,47.7,0,0.23,0.027,NOMINAL,HOLD,96
12.34,74.7,2.0,2.0,0.0,3981,4019,-7,4000,10.25,1.34,13.74,11.96,49.0,34.3,0,0.22,0.048,THERMAL_OVERHEAT,HOLD,65
16.33,31.8,25.2,28.9,3.7,3981,4012,-31,3996,10.47,0.65,6.81,12.33,33.8,47.2,1,1.49,0.031,NOMINAL,STEP_CCW,98
8.01,37.7,-23.3,-23.3,0.0,3925,3850,-13,3887,10.46,1.4,14.64,9.21,37.3,45.1,0,0.23,0.025,BATTERY_UNDERVOLTAGE,HOLD,72
12.9,72.9,5.2,5.2,0.0,4004,3973,7,3988,10.51,1.23,12.93,12.06,54.9,29.6,0,0.22,0.039,THERMAL_OVERHEAT,HOLD,60
14.3,61.8,13.4,13.4,0.1,3990,4000,-10,3995,10.57,1.23,13.0,12.56,37.8,45.6,0,0.21,0.035,NOMINAL,HOLD,95
12.55,74.2,3.2,-0.1,3.3,4001,3955,46,3978,10.75,1.55,16.66,12.57,37.2,40.5,1,1.55,0.02,NOMINAL,STEP_CW,96
7.14,22.0,-28.4,-28.4,0.0,3975,3860,-14,3917,10.54,0.84,8.85,9.78,35.9,51.5,0,0.2,0.03,BATTERY_UNDERVOLTAGE,HOLD,77
13.29,70.7,7.5,5.5,2.0,3964,3921,43,3942,10.77,1.43,15.4,12.64,37.1,43.4,1,1.6,0.032,NOMINAL,STEP_CW,100
13.22,71.2,7.1,7.1,0.3,4021,4015,6,4018,10.51,1.45,15.24,12.53,37.1,41.1,0,0.19,0.02,NOMINAL,HOLD,96
9.31,57.1,-15.7,-15.7,0.0,3904,3934,-3,3919,9.97,0.69,6.88,11.58,35.4,40.9,0,0.22,0.021,SOILED_PANEL,HOLD,63
10.24,67.2,-10.2,-11.2,1.0,3724,3774,-50,3749,9.95,0.9,8.96,11.73,38.6,44.9,1,2.25,0.122,MECHANICAL_JAM,STEP_CCW,58
15.59,44.3,20.9,19.9,1.0,3706,3659,47,3682,10.35,1.29,13.35,11.3,38.9,50.1,1,2.51,0.121,MECHANICAL_JAM,STEP_CW,56
10.21,66.9,-10.5,-9.9,0.6,3761,3728,33,3744,9.83,1.38,13.57,11.91,42.5,43.9,1,2.35,0.087,MECHANICAL_JAM,STEP_CW,55
11.74,74.8,-1.5,-1.5,0.0,3994,3851,2,3922,10.56,0.54,5.7,8.99,34.4,48.8,0,0.23,0.037,BATTERY_UNDERVOLTAGE,HOLD,73
16.34,31.5,25.3,25.3,0.2,3948,3949,-1,3948,10.63,0.68,7.23,12.43,33.9,46.9,0,0.21,0.035,NOMINAL,HOLD,97
4.5,0.0,0.0,-0.9,0.9,435,177,258,306,1.85,0.0,0.0,11.86,26.1,72.4,0,0.24,0.023,NIGHT_HOLD,PARK_ZERO,98
10.73,70.9,-7.4,-9.9,2.5,3976,3933,43,3954,10.52,1.43,15.04,12.62,38.4,43.7,1,1.51,0.027,NOMINAL,STEP_CW,100
9.35,57.6,-15.5,-13.3,2.2,3952,4020,-68,3986,10.54,1.19,12.54,12.47,36.9,46.1,1,1.5,0.024,NOMINAL,STEP_CCW,96
14.32,61.5,13.6,14.6,1.0,3700,3657,43,3678,10.32,1.22,12.59,11.98,38.6,51.5,1,2.59,0.098,MECHANICAL_JAM,STEP_CW,49
13.23,71.2,7.2,7.2,0.0,3941,3929,12,3935,10.54,1.5,15.81,12.51,38.6,42.7,0,0.23,0.035,NOMINAL,HOLD,99
13.47,69.5,8.6,8.6,0.0,3897,3967,-4,3932,10.16,0.57,5.79,11.84,38.5,43.3,0,0.21,0.032,SOILED_PANEL,HOLD,74
10.85,71.6,-6.7,-6.7,0.2,3987,3988,-1,3987,10.61,1.47,15.6,12.57,38.4,41.2,0,0.19,0.029,NOMINAL,HOLD,100
10.26,67.3,-10.2,-11.5,1.3,3735,3696,39,3715,9.91,1.11,11.0,11.56,41.2,46.0,1,2.5,0.09,MECHANICAL_JAM,STEP_CW,45
10.66,70.4,-7.8,-7.8,0.2,4022,4012,10,4017,10.51,1.47,15.45,12.53,38.5,43.0,0,0.24,0.032,NOMINAL,HOLD,95
7.67,31.8,-25.3,-27.6,2.3,3960,3889,71,3924,10.61,0.66,7.0,12.36,33.9,47.1,1,1.51,0.022,NOMINAL,STEP_CW,95
9.44,58.8,-14.9,-14.9,0.0,3953,3966,-13,3959,10.5,1.24,13.02,12.5,35.7,43.1,0,0.21,0.023,NOMINAL,HOLD,98
12.93,72.8,5.4,5.4,0.0,3857,3975,0,3916,9.96,0.6,5.98,12.12,35.9,54.9,0,0.21,0.039,SOILED_PANEL,HOLD,66
13.16,71.6,6.7,6.7,0.0,3830,3892,14,3861,10.66,0.58,6.18,8.84,31.2,51.4,0,0.2,0.024,BATTERY_UNDERVOLTAGE,HOLD,71
13.0,72.4,5.9,5.9,0.0,3877,3959,-3,3918,9.58,0.39,3.74,12.13,37.3,54.0,0,0.24,0.034,SOILED_PANEL,HOLD,63
15.98,37.9,23.2,26.6,3.4,3914,3990,-76,3952,10.6,0.8,8.48,12.5,35.7,45.4,1,1.5,0.026,NOMINAL,STEP_CCW,100
8.72,49.1,-19.1,-15.6,3.5,3863,3904,-41,3883,10.2,1.14,11.63,11.98,40.8,48.4,1,2.18,0.146,MECHANICAL_JAM,STEP_CCW,52
13.65,68.1,9.6,9.6,0.0,4018,4018,5,4018,10.37,1.45,15.04,12.03,53.1,32.2,0,0.23,0.044,THERMAL_OVERHEAT,HOLD,66
8.7,48.7,-19.3,-20.3,1.0,3985,4049,-64,4017,10.18,0.97,9.87,11.29,43.3,45.6,1,2.57,0.135,MECHANICAL_JAM,STEP_CCW,49
8.44,44.7,-20.8,-20.8,0.0,4018,3941,14,3979,10.66,0.74,7.89,9.63,30.4,47.1,0,0.24,0.034,BATTERY_UNDERVOLTAGE,HOLD,71
14.16,63.4,12.6,12.6,0.0,4024,4035,-11,4029,10.61,1.31,13.9,12.47,36.4,42.1,0,0.21,0.024,NOMINAL,HOLD,95
15.45,46.4,20.1,20.1,0.1,3957,3948,9,3952,10.68,0.94,10.04,12.43,35.4,46.9,0,0.22,0.03,NOMINAL,HOLD,97
9.36,57.8,-15.4,-15.4,0.0,3964,3808,7,3886,10.03,0.53,5.32,11.41,38.7,50.2,0,0.24,0.031,SOILED_PANEL,HOLD,75
12.58,74.1,3.4,2.0,1.4,3839,3797,42,3818,10.58,1.16,12.27,11.98,37.0,44.1,1,2.44,0.095,MECHANICAL_JAM,STEP_CW,50
17.24,14.9,30.5,30.5,0.0,3999,3991,8,3995,10.67,0.3,3.2,12.26,32.3,49.5,0,0.21,0.026,NOMINAL,HOLD,97
9.47,59.1,-14.8,-14.8,0.0,3954,3999,-2,3976,9.23,0.45,4.15,11.83,32.5,49.0,0,0.24,0.026,SOILED_PANEL,HOLD,70
15.43,46.7,20.0,18.2,1.8,3988,3955,33,3971,10.59,1.14,12.07,11.24,36.7,45.1,1,2.64,0.133,MECHANICAL_JAM,STEP_CW,57
9.96,64.5,-11.9,-11.9,0.1,4029,4039,-10,4034,10.57,1.36,14.38,12.54,37.2,44.5,0,0.22,0.02,NOMINAL,HOLD,98
16.06,36.5,23.7,23.7,0.0,3999,3992,7,3995,10.66,0.79,8.42,12.34,34.4,47.9,0,0.18,0.022,NOMINAL,HOLD,100
14.78,56.0,16.2,16.2,0.0,3932,3986,7,3959,9.92,0.68,6.75,11.67,38.3,45.1,0,0.22,0.037,SOILED_PANEL,HOLD,68
20.0,0.0,0.0,-0.5,0.5,392,390,2,391,0.19,0.0,0.0,11.64,25.8,65.0,0,0.23,0.023,NIGHT_HOLD,PARK_ZERO,98
12.52,74.3,3.0,6.5,3.5,3933,4013,-80,3973,10.56,1.56,16.47,12.53,37.5,41.5,1,1.49,0.021,NOMINAL,STEP_CCW,96
11.57,74.5,-2.5,1.4,3.9,3969,4006,-37,3987,10.51,1.5,15.77,12.61,37.0,43.5,1,1.57,0.026,NOMINAL,STEP_CCW,99
7.92,36.1,-23.8,-23.8,0.3,3987,3991,-4,3989,10.59,0.74,7.84,12.47,35.9,45.4,0,0.19,0.035,NOMINAL,HOLD,95
9.19,55.6,-16.4,-17.9,1.5,3963,3883,80,3923,10.52,1.13,11.89,12.41,36.2,44.4,1,1.52,0.021,NOMINAL,STEP_CW,98
12.39,74.6,2.3,0.5,1.8,3963,3926,37,3944,10.75,1.55,16.66,12.54,37.6,41.3,1,1.61,0.035,NOMINAL,STEP_CW,98
13.93,65.6,11.3,8.6,2.7,3940,3883,57,3911,9.92,1.01,10.02,11.65,43.9,49.7,1,2.13,0.137,MECHANICAL_JAM,STEP_CW,58
8.85,50.9,-18.4,-18.4,0.0,4027,4017,10,4022,10.55,1.02,10.76,12.4,35.6,43.5,0,0.21,0.033,NOMINAL,HOLD,98
12.27,74.8,1.6,1.6,0.1,3946,3934,12,3940,10.74,1.52,16.32,12.65,37.3,41.4,0,0.19,0.026,NOMINAL,HOLD,98
15.12,51.3,18.2,20.8,2.6,3996,4023,-27,4009,10.47,1.08,11.31,12.49,35.3,45.8,1,1.53,0.029,NOMINAL,STEP_CCW,97
15.56,44.7,20.8,17.2,3.6,3990,3918,72,3954,10.74,0.95,10.2,12.44,35.2,47.2,1,1.48,0.03,NOMINAL,STEP_CW,97
6.54,10.6,-31.8,-31.8,0.2,4021,4031,-10,4026,10.76,0.18,1.94,12.2,33.8,50.3,0,0.21,0.028,NOMINAL,HOLD,96
8.88,51.3,-18.2,-18.2,0.1,4013,4006,7,4009,10.58,1.04,11.0,12.43,35.7,46.4,0,0.24,0.022,NOMINAL,HOLD,98
11.52,74.4,-2.8,-2.8,0.1,3994,3991,3,3992,10.7,1.5,16.05,12.53,37.8,40.8,0,0.21,0.029,NOMINAL,HOLD,99
9.64,61.1,-13.8,-13.8,0.2,3976,3970,6,3973,10.75,1.29,13.87,12.45,36.1,45.2,0,0.22,0.021,NOMINAL,HOLD,95
11.02,72.6,-5.7,-5.7,0.2,3952,3949,3,3950,10.62,1.51,16.04,12.62,38.5,41.2,0,0.22,0.032,NOMINAL,HOLD,99
12.59,74.1,3.4,3.4,0.0,4010,3965,1,3987,10.58,1.47,15.55,12.05,54.7,35.0,0,0.24,0.03,THERMAL_OVERHEAT,HOLD,60
12.08,75.0,0.5,0.5,0.2,3993,3998,-5,3995,10.47,1.57,16.44,12.51,37.1,43.2,0,0.22,0.033,NOMINAL,HOLD,99
13.1,71.9,6.4,6.4,0.3,3970,3971,-1,3970,10.59,1.49,15.78,12.56,36.9,44.1,0,0.21,0.026,NOMINAL,HOLD,100
14.18,63.1,12.7,12.7,0.0,4001,3990,6,3995,10.18,1.27,12.93,12.23,49.9,29.2,0,0.23,0.038,THERMAL_OVERHEAT,HOLD,67
9.36,57.8,-15.4,-15.4,0.3,3951,3959,-8,3955,10.6,1.2,12.72,12.53,35.7,45.1,0,0.19,0.034,NOMINAL,HOLD,95
6.78,15.2,-30.5,-34.5,4.0,4030,3964,66,3997,10.53,0.32,3.37,12.23,32.6,51.3,1,1.59,0.031,NOMINAL,STEP_CW,98
13.75,67.2,10.2,10.2,0.3,3942,3936,6,3939,10.64,1.35,14.36,12.55,37.6,41.5,0,0.22,0.024,NOMINAL,HOLD,96
11.97,75.0,-0.2,-0.2,0.0,3892,4014,-6,3953,9.63,0.52,5.01,11.42,32.6,54.4,0,0.2,0.034,SOILED_PANEL,HOLD,68
13.47,69.5,8.6,8.6,0.0,3941,3946,-5,3943,10.67,1.44,15.36,12.64,36.8,42.1,0,0.23,0.025,NOMINAL,HOLD,99
6.56,10.9,-31.8,-31.8,0.1,3964,3975,-11,3969,10.63,0.22,2.34,12.31,32.3,50.0,0,0.22,0.033,NOMINAL,HOLD,95
9.2,55.7,-16.3,-16.3,0.0,3986,3977,15,3981,10.26,0.77,7.9,9.0,30.7,55.6,0,0.22,0.029,BATTERY_UNDERVOLTAGE,HOLD,77
12.14,75.0,0.8,0.8,0.1,3965,3974,-9,3969,10.74,1.52,16.32,12.58,38.2,43.1,0,0.22,0.025,NOMINAL,HOLD,96
11.87,75.0,-0.8,1.8,2.6,3946,3984,-38,3965,10.66,1.55,16.52,12.59,38.1,41.5,1,1.59,0.029,NOMINAL,STEP_CCW,95
16.28,32.6,25.0,27.1,2.1,3928,3987,-59,3957,10.73,0.7,7.51,12.38,34.4,46.1,1,1.56,0.032,NOMINAL,STEP_CCW,98
10.44,68.8,-9.1,-9.1,0.2,3958,3961,-3,3959,10.51,1.4,14.71,12.47,37.2,42.7,0,0.23,0.032,NOMINAL,HOLD,96
10.74,71.0,-7.3,-7.3,0.2,4011,4022,-11,4016,10.65,1.49,15.87,12.65,36.8,44.1,0,0.2,0.026,NOMINAL,HOLD,98
10.2,66.8,-10.5,-10.5,0.0,3850,3812,10,3831,10.45,0.55,5.75,9.07,31.0,51.8,0,0.22,0.032,BATTERY_UNDERVOLTAGE,HOLD,68
9.64,61.1,-13.8,-13.8,0.3,3999,4013,-14,4006,10.72,1.25,13.4,12.6,37.7,42.0,0,0.2,0.03,NOMINAL,HOLD,95
15.63,43.6,21.2,21.2,0.1,3984,3988,-4,3986,10.64,0.88,9.36,12.46,35.3,47.0,0,0.2,0.027,NOMINAL,HOLD,100
7.84,34.7,-24.3,-24.3,0.2,3968,3982,-14,3975,10.47,0.68,7.12,12.35,35.1,47.1,0,0.18,0.023,NOMINAL,HOLD,96
15.44,46.7,20.0,17.2,2.8,3956,3930,26,3943,10.71,0.93,9.96,12.54,34.9,45.1,1,1.52,0.029,NOMINAL,STEP_CW,98
9.36,57.8,-15.4,-17.9,2.5,3863,3806,57,3834,10.49,1.28,13.43,11.91,43.7,46.1,1,2.35,0.089,MECHANICAL_JAM,STEP_CW,52
13.77,67.1,10.3,12.6,2.3,3972,4011,-39,3991,10.55,1.36,14.35,12.47,37.5,44.6,1,1.51,0.03,NOMINAL,STEP_CCW,100
14.14,63.5,12.5,12.5,0.1,3941,3949,-8,3945,10.61,1.29,13.69,12.54,36.8,44.8,0,0.22,0.031,NOMINAL,HOLD,99
14.87,54.9,16.7,16.7,0.1,4004,4014,-10,4009,10.51,1.16,12.19,12.47,36.3,45.2,0,0.19,0.023,NOMINAL,HOLD,98
10.22,67.0,-10.4,-12.8,2.4,3775,3728,47,3751,10.17,0.95,9.66,11.29,36.1,46.6,1,2.25,0.113,MECHANICAL_JAM,STEP_CW,59
8.18,40.6,-22.3,-22.3,0.0,3940,3821,-4,3880,10.42,0.65,6.77,9.3,34.1,45.8,0,0.2,0.022,BATTERY_UNDERVOLTAGE,HOLD,75
14.78,55.9,16.2,16.2,0.0,3974,3987,-4,3980,10.3,1.38,14.21,12.12,52.5,32.3,0,0.24,0.043,THERMAL_OVERHEAT,HOLD,56
8.43,44.5,-20.9,-24.2,3.3,3972,3927,45,3949,9.88,1.01,9.98,11.7,41.7,45.9,1,2.16,0.131,MECHANICAL_JAM,STEP_CW,53
8.38,43.8,-21.1,-21.1,0.2,4016,4008,8,4012,10.47,0.87,9.11,12.52,35.7,47.1,0,0.2,0.033,NOMINAL,HOLD,100
10.52,69.4,-8.6,-11.6,3.0,3772,3816,-44,3794,10.57,1.23,13.0,11.54,36.2,51.7,1,2.58,0.092,MECHANICAL_JAM,STEP_CCW,45
17.16,16.3,30.1,30.1,0.1,4000,4007,-7,4003,10.72,0.34,3.64,12.38,34.0,49.9,0,0.19,0.023,NOMINAL,HOLD,96
7.6,30.5,-25.7,-28.0,2.3,3994,3937,57,3965,10.55,0.62,6.54,12.34,33.5,47.3,1,1.62,0.031,NOMINAL,STEP_CW,99
15.93,38.7,22.9,25.9,3.0,3906,3984,-78,3945,10.69,0.76,8.12,12.5,35.8,47.5,1,1.58,0.022,NOMINAL,STEP_CCW,98
4.5,0.0,0.0,0.5,0.5,300,264,36,282,0.52,0.0,0.0,11.58,27.5,62.6,0,0.19,0.025,NIGHT_HOLD,PARK_ZERO,98
12.49,74.4,2.9,6.9,4.0,3988,4017,-29,4002,10.74,1.51,16.22,12.56,38.1,43.9,1,1.5,0.024,NOMINAL,STEP_CCW,96
4.5,0.0,0.0,0.4,0.4,393,142,251,267,1.08,0.0,0.0,11.91,27.8,70.8,0,0.2,0.039,NIGHT_HOLD,PARK_ZERO,98
14.04,64.5,11.9,11.9,0.0,4019,4024,-5,4021,10.52,1.32,13.89,12.46,36.8,43.2,0,0.21,0.023,NOMINAL,HOLD,99
11.93,75.0,-0.4,-0.4,0.0,3801,3910,-1,3855,9.93,0.35,3.48,11.6,34.8,44.2,0,0.24,0.033,SOILED_PANEL,HOLD,74
16.99,19.6,29.1,27.2,1.9,3975,3903,72,3939,10.75,0.39,4.19,12.21,34.4,48.4,1,1.54,0.03,NOMINAL,STEP_CW,98
17.14,16.8,30.0,30.0,0.1,4016,4021,-5,4018,10.64,0.36,3.83,12.25,33.5,50.5,0,0.2,0.023,NOMINAL,HOLD,96
8.69,48.6,-19.3,-19.3,0.1,3999,3993,6,3996,10.58,1.03,10.9,12.45,35.2,45.3,0,0.21,0.025,NOMINAL,HOLD,100
11.65,74.7,-2.0,-2.0,0.1,3999,4000,-1,3999,10.64,1.57,16.7,12.58,38.5,42.5,0,0.18,0.025,NOMINAL,HOLD,96
10.6,70.0,-8.1,-8.1,0.3,3977,3963,14,3970,10.72,1.41,15.12,12.61,37.5,43.7,0,0.18,0.028,NOMINAL,HOLD,95
10.62,70.2,-8.0,-8.0,0.0,3966,3827,-2,3896,9.85,0.64,6.3,11.85,37.5,53.0,0,0.21,0.032,SOILED_PANEL,HOLD,70
7.08,21.0,-28.7,-28.7,0.0,4003,3994,9,3998,10.74,0.44,4.73,12.24,33.9,50.1,0,0.19,0.034,NOMINAL,HOLD,98
8.71,48.8,-19.2,-19.2,0.0,3955,3941,14,3948,10.54,0.97,10.22,12.37,35.9,45.1,0,0.21,0.034,NOMINAL,HOLD,97
17.31,13.5,31.0,27.4,3.6,3983,3923,60,3953,10.67,0.31,3.31,12.3,32.9,50.7,1,1.6,0.023,NOMINAL,STEP_CW,100
8.38,43.7,-21.1,-24.0,2.9,4011,3955,56,3983,10.67,0.93,9.92,12.43,35.8,45.7,1,1.52,0.03,NOMINAL,STEP_CW,95
15.45,46.5,20.1,20.1,0.1,4012,4023,-11,4017,10.64,0.92,9.79,12.48,36.0,45.6,0,0.2,0.034,NOMINAL,HOLD,97
11.65,74.7,-2.1,-4.3,2.2,3995,3959,36,3977,10.73,1.51,16.2,12.68,38.0,42.1,1,1.55,0.023,NOMINAL,STEP_CW,96
14.19,63.0,12.8,12.8,0.0,3886,3917,7,3901,10.63,0.64,6.8,9.58,35.3,58.9,0,0.18,0.037,BATTERY_UNDERVOLTAGE,HOLD,72
13.42,69.9,8.3,8.3,0.0,3973,4023,6,3998,10.49,1.36,14.27,11.88,51.3,37.6,0,0.22,0.042,THERMAL_OVERHEAT,HOLD,61
5.5,0.0,0.0,0.7,0.7,161,198,-37,179,0.24,0.0,0.0,11.6,27.6,64.5,0,0.23,0.04,NIGHT_HOLD,PARK_ZERO,98
14.56,58.8,14.9,14.9,0.3,3989,3998,-9,3993,10.6,1.17,12.4,12.54,35.9,45.5,0,0.23,0.021,NOMINAL,HOLD,97
15.75,41.7,21.9,24.2,2.3,3966,4007,-41,3986,10.77,0.86,9.26,12.36,34.8,46.2,1,1.53,0.024,NOMINAL,STEP_CCW,96
11.27,73.7,-4.2,-4.2,0.2,4014,4026,-12,4020,10.76,1.48,15.92,12.5,37.2,40.2,0,0.18,0.032,NOMINAL,HOLD,99
7.29,24.9,-27.5,-27.5,0.2,4022,4013,9,4017,10.53,0.49,5.16,12.4,34.0,48.1,0,0.21,0.033,NOMINAL,HOLD,96
11.33,73.8,-3.9,-3.9,0.3,3950,3946,4,3948,10.63,1.48,15.73,12.59,37.0,42.3,0,0.19,0.02,NOMINAL,HOLD,97
9.27,56.6,-16.0,-17.7,1.7,3970,3889,81,3929,10.49,1.17,12.27,12.57,37.4,44.5,1,1.62,0.026,NOMINAL,STEP_CW,95
16.31,32.1,25.1,25.1,0.3,4023,4029,-6,4026,10.57,0.64,6.76,12.34,35.1,46.3,0,0.18,0.028,NOMINAL,HOLD,100
14.57,58.6,15.0,15.0,0.0,3815,3860,0,3837,10.24,1.45,14.85,9.7,35.6,56.5,0,0.18,0.04,BATTERY_UNDERVOLTAGE,HOLD,71
13.24,71.1,7.2,7.2,0.2,3974,3984,-10,3979,10.5,1.46,15.33,12.52,37.4,42.4,0,0.22,0.032,NOMINAL,HOLD,96
5.5,0.0,0.0,-0.9,0.9,180,353,-173,266,1.52,0.0,0.0,11.84,26.1,55.4,0,0.21,0.028,NIGHT_HOLD,PARK_ZERO,98
12.38,74.6,2.2,2.2,0.0,4004,4020,-6,4012,10.16,1.24,12.6,12.17,55.3,31.5,0,0.22,0.048,THERMAL_OVERHEAT,HOLD,58
12.71,73.7,4.1,2.2,1.9,3707,3645,62,3676,10.5,1.02,10.71,11.25,36.5,46.4,1,2.26,0.102,MECHANICAL_JAM,STEP_CW,52
7.93,36.2,-23.8,-23.8,0.2,3949,3942,7,3945,10.75,0.72,7.74,12.43,35.5,48.8,0,0.18,0.033,NOMINAL,HOLD,98
16.86,22.1,28.3,26.1,2.2,3981,3914,67,3947,10.55,0.47,4.96,12.32,32.9,50.7,1,1.55,0.031,NOMINAL,STEP_CW,99
7.36,26.2,-27.0,-23.4,3.6,3927,3979,-52,3953,10.64,0.51,5.43,12.38,34.7,46.7,1,1.52,0.024,NOMINAL,STEP_CCW,98
11.49,74.3,-3.0,-3.0,0.1,3974,3987,-13,3980,10.59,1.55,16.41,12.51,37.5,42.5,0,0.2,0.027,NOMINAL,HOLD,98
12.13,75.0,0.8,0.8,0.0,3976,3998,-5,3987,10.43,1.36,14.18,12.2,49.2,35.6,0,0.26,0.048,THERMAL_OVERHEAT,HOLD,67
16.65,26.0,27.1,30.6,3.5,3929,3977,-48,3953,10.57,0.56,5.92,12.33,33.9,49.5,1,1.59,0.031,NOMINAL,STEP_CCW,95
12.59,74.1,3.4,7.2,3.8,3951,4018,-67,3984,10.64,1.52,16.17,12.6,37.3,41.6,1,1.54,0.031,NOMINAL,STEP_CCW,96
9.09,54.3,-17.0,-17.0,0.0,4004,3974,-4,3989,9.29,0.44,4.09,11.83,34.7,45.9,0,0.23,0.027,SOILED_PANEL,HOLD,72
13.22,71.2,7.1,9.0,1.9,3991,4049,-58,4020,10.33,1.32,13.64,11.88,39.6,42.2,1,2.1,0.083,MECHANICAL_JAM,STEP_CCW,56
15.79,41.1,22.1,22.1,0.0,3975,3987,-12,3981,10.64,0.88,9.36,12.41,34.8,47.7,0,0.23,0.024,NOMINAL,HOLD,98
12.78,73.4,4.6,4.6,0.0,3837,3958,8,3897,9.25,0.39,3.61,11.43,37.5,52.9,0,0.23,0.021,SOILED_PANEL,HOLD,73
15.61,43.9,21.1,24.5,3.4,3976,4040,-64,4008,10.37,1.2,12.44,11.48,36.6,46.4,1,2.38,0.097,MECHANICAL_JAM,STEP_CCW,55
15.62,43.8,21.1,21.1,0.0,3976,3977,-1,3976,10.57,0.92,9.72,12.4,35.3,46.8,0,0.19,0.027,NOMINAL,HOLD,97
8.26,41.9,-21.8,-21.8,0.3,3943,3939,4,3941,10.53,0.85,8.95,12.47,35.8,47.5,0,0.19,0.031,NOMINAL,HOLD,96
13.75,67.3,10.2,10.2,0.0,3969,3998,10,3983,10.14,1.22,12.37,12.36,50.6,33.0,0,0.23,0.041,THERMAL_OVERHEAT,HOLD,61
7.83,34.6,-24.3,-20.8,3.5,3963,4010,-47,3986,10.63,0.7,7.44,12.32,34.9,49.0,1,1.57,0.025,NOMINAL,STEP_CCW,97
10.52,69.4,-8.6,-5.3,3.3,3885,3922,-37,3903,9.86,1.18,11.63,11.26,38.9,46.8,1,2.23,0.135,MECHANICAL_JAM,STEP_CCW,52
15.59,44.2,21.0,21.0,0.2,3992,3982,10,3987,10.67,0.92,9.82,12.49,35.2,44.6,0,0.22,0.026,NOMINAL,HOLD,99
12.84,73.2,4.9,4.9,0.2,3963,3949,14,3956,10.47,1.47,15.39,12.54,38.0,44.0,0,0.23,0.031,NOMINAL,HOLD,96
15.67,42.9,21.4,21.4,0.1,3956,3968,-12,3962,10.63,0.87,9.25,12.41,34.7,47.1,0,0.21,0.024,NOMINAL,HOLD,97
14.38,60.9,13.9,13.9,0.0,3886,3951,7,3918,9.88,0.7,6.92,11.44,37.9,45.3,0,0.22,0.028,SOILED_PANEL,HOLD,69
11.29,73.7,-4.1,-7.4,3.3,3973,3901,72,3937,10.65,1.54,16.4,12.6,37.2,40.2,1,1.58,0.029,NOMINAL,STEP_CW,100
10.67,70.5,-7.7,-7.7,0.2,3975,3971,4,3973,10.5,1.43,15.01,12.54,37.8,44.2,0,0.24,0.029,NOMINAL,HOLD,98
10.84,71.6,-6.8,-6.8,0.0,3993,3845,15,3919,10.27,1.31,13.45,9.53,37.9,48.2,0,0.21,0.032,BATTERY_UNDERVOLTAGE,HOLD,74
10.47,69.1,-8.9,-8.9,0.0,3842,3830,-6,3836,10.34,0.94,9.72,9.69,32.3,58.8,0,0.24,0.035,BATTERY_UNDERVOLTAGE,HOLD,68
8.05,38.4,-23.0,-23.0,0.3,3961,3951,10,3956,10.74,0.82,8.81,12.41,35.7,44.9,0,0.18,0.032,NOMINAL,HOLD,95
12.85,73.2,4.9,4.9,0.0,4023,4004,4,4013,10.36,1.45,15.02,11.98,49.8,35.1,0,0.25,0.039,THERMAL_OVERHEAT,HOLD,61
7.46,27.9,-26.5,-26.5,0.1,3954,3947,7,3950,10.71,0.59,6.32,12.29,33.4,46.9,0,0.24,0.025,NOMINAL,HOLD,98
12.14,74.9,0.8,-2.5,3.3,3954,3908,46,3931,10.75,1.56,16.77,12.56,38.7,42.7,1,1.54,0.033,NOMINAL,STEP_CW,95
13.4,70.0,8.2,8.2,0.2,3968,3955,13,3961,10.55,1.41,14.88,12.64,38.1,41.8,0,0.22,0.023,NOMINAL,HOLD,95
15.93,38.7,22.9,21.4,1.5,4012,3982,30,3997,10.53,0.77,8.11,12.39,34.6,46.4,1,1.56,0.029,NOMINAL,STEP_CW,100
12.3,74.8,1.8,1.8,0.0,3846,3876,11,3861,10.32,0.79,8.15,9.29,36.4,50.9,0,0.2,0.03,BATTERY_UNDERVOLTAGE,HOLD,66
15.7,42.4,21.6,24.4,2.8,3866,3905,-39,3885,10.0,1.11,11.1,11.34,43.7,48.6,1,2.29,0.108,MECHANICAL_JAM,STEP_CCW,49
11.82,74.9,-1.0,-3.7,2.7,3980,3928,52,3954,10.55,1.51,15.93,12.67,37.8,42.3,1,1.48,0.025,NOMINAL,STEP_CW,100
10.91,72.0,-6.3,-6.3,0.0,3913,3908,-3,3910,10.33,0.55,5.68,9.29,31.8,54.5,0,0.18,0.029,BATTERY_UNDERVOLTAGE,HOLD,68
8.33,43.0,-21.4,-21.4,0.2,4018,4013,5,4015,10.65,0.84,8.95,12.47,36.0,44.6,0,0.2,0.031,NOMINAL,HOLD,97
12.58,74.1,3.4,3.4,0.2,4008,4011,-3,4009,10.52,1.53,16.1,12.67,37.4,43.3,0,0.19,0.034,NOMINAL,HOLD,97
12.58,74.1,3.4,3.4,0.0,3942,3929,13,3935,10.63,1.52,16.16,12.65,37.0,41.2,0,0.23,0.02,NOMINAL,HOLD,100
9.22,56.0,-16.2,-16.2,0.0,3988,3977,11,3982,10.51,1.17,12.3,12.45,35.7,42.8,0,0.22,0.031,NOMINAL,HOLD,100
6.66,12.9,-31.1,-34.1,3.0,3962,3927,35,3944,10.71,0.24,2.57,12.29,32.7,49.6,1,1.58,0.028,NOMINAL,STEP_CW,95
11.59,74.6,-2.4,-2.4,0.0,3825,3867,5,3846,10.49,0.88,9.23,9.23,31.8,51.1,0,0.2,0.026,BATTERY_UNDERVOLTAGE,HOLD,76
9.19,55.6,-16.4,-16.4,0.1,3987,3989,-2,3988,10.68,1.14,12.18,12.51,35.5,45.7,0,0.23,0.027,NOMINAL,HOLD,98
13.57,68.7,9.2,9.2,0.2,3952,3964,-12,3958,10.53,1.45,15.27,12.59,36.7,42.4,0,0.21,0.033,NOMINAL,HOLD,99
12.73,73.6,4.3,4.3,0.2,3992,3998,-6,3995,10.57,1.48,15.64,12.56,38.0,41.8,0,0.2,0.02,NOMINAL,HOLD,100
12.5,74.4,2.9,2.8,0.1,3864,3805,59,3834,10.17,1.14,11.59,11.64,41.9,49.3,1,2.61,0.11,MECHANICAL_JAM,STEP_CW,47
14.27,62.1,13.2,13.2,0.0,3970,4016,-7,3993,10.18,1.33,13.54,12.38,49.3,32.2,0,0.21,0.046,THERMAL_OVERHEAT,HOLD,62
14.25,62.4,13.1,13.1,0.0,3907,3902,-12,3904,9.53,0.5,4.76,11.64,39.4,50.2,0,0.23,0.032,SOILED_PANEL,HOLD,67
8.33,42.9,-21.4,-21.4,0.2,4018,4007,11,4012,10.58,0.89,9.42,12.42,34.9,45.6,0,0.24,0.031,NOMINAL,HOLD,96
13.29,70.8,7.5,7.5,0.0,3921,3802,-2,3861,9.66,0.4,3.86,11.45,39.8,44.7,0,0.21,0.034,SOILED_PANEL,HOLD,70
7.54,29.5,-26.0,-26.0,0.2,3984,3996,-12,3990,10.74,0.59,6.34,12.26,33.7,47.2,0,0.22,0.034,NOMINAL,HOLD,98
9.86,63.6,-12.5,-12.5,0.1,4011,4017,-6,4014,10.67,1.27,13.55,12.47,37.5,42.6,0,0.21,0.024,NOMINAL,HOLD,95
12.13,75.0,0.8,0.8,0.0,3965,3996,0,3980,9.56,0.62,5.93,11.87,34.2,52.1,0,0.24,0.033,SOILED_PANEL,HOLD,69
8.02,37.9,-23.2,-25.1,1.9,3773,3732,41,3752,9.93,1.34,13.31,11.46,43.2,42.5,1,2.38,0.111,MECHANICAL_JAM,STEP_CW,60
12.0,75.0,0.0,0.0,0.0,3830,3861,2,3845,10.4,1.27,13.21,9.51,32.8,57.6,0,0.2,0.022,BATTERY_UNDERVOLTAGE,HOLD,74
17.01,19.2,29.2,32.8,3.6,3928,3968,-40,3948,10.64,0.39,4.15,12.36,33.9,49.7,1,1.6,0.027,NOMINAL,STEP_CCW,97
14.2,62.9,12.8,12.8,0.0,4018,3919,12,3968,9.94,0.6,5.96,11.57,36.5,55.0,0,0.25,0.028,SOILED_PANEL,HOLD,64
17.45,10.8,31.8,31.8,0.1,3940,3948,-8,3944,10.57,0.25,2.64,12.34,32.9,48.6,0,0.22,0.024,NOMINAL,HOLD,100
11.83,74.9,-1.0,-4.2,3.2,3992,3948,44,3970,10.46,1.33,13.91,11.94,44.0,48.3,1,2.37,0.113,MECHANICAL_JAM,STEP_CW,48
5.5,0.0,0.0,0.2,0.2,445,158,287,301,1.76,0.0,0.0,11.66,27.1,56.7,0,0.23,0.022,NIGHT_HOLD,PARK_ZERO,98
14.32,61.6,13.5,13.5,0.3,3964,3970,-6,3967,10.69,1.25,13.36,12.56,37.7,45.4,0,0.22,0.023,NOMINAL,HOLD,99
10.53,69.5,-8.6,-8.6,0.2,4025,4026,-1,4025,10.49,1.45,15.21,12.57,38.0,41.1,0,0.22,0.027,NOMINAL,HOLD,97
14.08,64.2,12.1,12.1,0.2,3940,3928,12,3934,10.64,1.29,13.73,12.54,37.8,41.8,0,0.2,0.034,NOMINAL,HOLD,95
9.54,60.0,-14.3,-14.3,0.0,3986,3822,-7,3904,9.55,0.57,5.44,11.42,33.4,40.2,0,0.23,0.029,SOILED_PANEL,HOLD,73
9.89,63.8,-12.3,-12.3,0.3,3964,3951,13,3957,10.69,1.29,13.79,12.52,36.7,42.6,0,0.22,0.028,NOMINAL,HOLD,98
9.51,59.6,-14.5,-11.8,2.7,3925,3972,-47,3948,10.01,1.14,11.41,11.66,38.8,48.4,1,2.35,0.124,MECHANICAL_JAM,STEP_CCW,50
4.5,0.0,0.0,-0.2,0.2,355,371,-16,363,0.53,0.0,0.0,12.13,24.1,71.2,0,0.23,0.024,NIGHT_HOLD,PARK_ZERO,98
12.04,75.0,0.2,-3.3,3.5,4015,3984,31,3999,10.55,1.53,16.14,12.51,37.2,42.6,1,1.59,0.023,NOMINAL,STEP_CW,96
10.05,65.5,-11.4,-11.4,0.2,3944,3930,14,3937,10.5,1.33,13.96,12.63,36.6,43.2,0,0.2,0.025,NOMINAL,HOLD,95
10.86,71.7,-6.6,-9.0,2.4,3924,3862,62,3893,10.45,1.13,11.81,11.66,39.5,46.0,1,2.56,0.098,MECHANICAL_JAM,STEP_CW,56
11.81,74.9,-1.1,-1.1,0.0,3969,3955,14,3962,10.74,1.54,16.54,12.58,38.5,43.8,0,0.23,0.026,NOMINAL,HOLD,95
10.0,64.9,-11.7,-11.7,0.0,3876,3952,10,3914,10.24,0.42,4.3,12.18,38.0,41.9,0,0.22,0.039,SOILED_PANEL,HOLD,63
14.66,57.6,15.5,15.5,0.0,4005,3888,-1,3946,10.4,0.96,9.98,9.46,31.6,47.6,0,0.2,0.024,BATTERY_UNDERVOLTAGE,HOLD,78
8.72,49.0,-19.1,-20.9,1.8,3944,3881,63,3912,9.93,0.95,9.43,11.64,39.2,44.1,1,2.36,0.106,MECHANICAL_JAM,STEP_CW,59
14.89,54.5,16.9,16.9,0.0,3957,3947,10,3952,10.57,1.1,11.63,12.53,37.1,45.1,0,0.2,0.028,NOMINAL,HOLD,97
14.64,57.7,15.4,15.4,0.1,3962,3957,5,3959,10.58,1.17,12.38,12.57,36.8,45.3,0,0.23,0.034,NOMINAL,HOLD,100
12.0,75.0,-0.0,-3.2,3.2,3873,3826,47,3849,10.11,0.99,10.01,11.32,38.5,48.8,1,2.36,0.098,MECHANICAL_JAM,STEP_CW,58
11.39,74.0,-3.6,-3.6,0.0,3932,4013,-9,3972,9.71,0.38,3.69,11.95,32.8,52.9,0,0.24,0.02,SOILED_PANEL,HOLD,67
12.04,75.0,0.2,0.2,0.0,3975,3916,-12,3945,9.73,0.69,6.71,11.72,38.2,44.5,0,0.21,0.033,SOILED_PANEL,HOLD,71
16.49,28.9,26.2,26.2,0.2,3982,3974,8,3978,10.76,0.56,6.03,12.29,34.2,49.2,0,0.23,0.033,NOMINAL,HOLD,95
11.02,72.6,-5.7,-5.7,0.0,3981,3951,-4,3966,9.42,0.63,5.93,11.98,35.6,40.7,0,0.21,0.022,SOILED_PANEL,HOLD,69
7.05,20.4,-28.9,-28.9,0.1,3983,3984,-1,3983,10.7,0.38,4.07,12.26,33.2,49.0,0,0.22,0.027,NOMINAL,HOLD,97
13.05,72.2,6.1,6.1,0.0,3990,3981,9,3985,10.5,1.45,15.22,12.63,38.0,42.1,0,0.19,0.024,NOMINAL,HOLD,98
9.19,55.5,-16.4,-20.0,3.6,4017,3945,72,3981,10.48,1.12,11.74,12.4,36.7,45.5,1,1.56,0.032,NOMINAL,STEP_CW,95
14.94,53.8,17.2,17.2,0.0,3960,3993,10,3976,10.47,1.33,13.93,11.81,55.7,30.6,0,0.24,0.048,THERMAL_OVERHEAT,HOLD,68
17.12,17.2,29.8,26.9,2.9,4028,3983,45,4005,10.73,0.33,3.54,12.35,33.1,49.6,1,1.55,0.031,NOMINAL,STEP_CW,98
13.51,69.2,8.8,6.6,2.2,3792,3855,-63,3823,10.34,1.04,10.75,11.53,36.1,46.1,1,2.17,0.099,MECHANICAL_JAM,STEP_CCW,55
10.35,68.1,-9.6,-9.6,0.0,3981,3883,-5,3932,9.27,0.45,4.17,11.97,38.6,48.8,0,0.23,0.027,SOILED_PANEL,HOLD,68
12.63,74.0,3.7,3.7,0.1,3996,3984,12,3990,10.73,1.52,16.31,12.6,37.3,41.7,0,0.19,0.026,NOMINAL,HOLD,100
17.14,16.6,30.0,30.0,0.2,3950,3953,-3,3951,10.77,0.33,3.55,12.25,33.0,50.5,0,0.19,0.02,NOMINAL,HOLD,99
13.37,70.2,8.0,8.0,0.1,3942,3932,10,3937,10.56,1.46,15.42,12.67,37.4,42.8,0,0.23,0.026,NOMINAL,HOLD,95
10.31,67.8,-9.9,-9.9,0.0,3828,3946,-3,3887,9.4,0.41,3.85,12.02,37.9,46.0,0,0.22,0.035,SOILED_PANEL,HOLD,68
9.57,60.3,-14.2,-17.3,3.1,3990,3922,68,3956,10.63,1.21,12.86,12.5,37.3,43.1,1,1.55,0.034,NOMINAL,STEP_CW,96
8.45,44.9,-20.7,-20.7,0.2,3999,4003,-4,4001,10.68,0.89,9.51,12.46,35.4,45.7,0,0.22,0.023,NOMINAL,HOLD,95
8.02,37.9,-23.2,-23.2,0.3,4013,4008,5,4010,10.75,0.76,8.17,12.35,35.2,46.8,0,0.22,0.021,NOMINAL,HOLD,97
4.5,0.0,0.0,0.8,0.8,414,279,135,346,1.38,0.0,0.0,12.28,27.1,58.2,0,0.2,0.037,NIGHT_HOLD,PARK_ZERO,98
14.62,58.0,15.3,15.3,0.0,3851,3882,-8,3866,9.52,0.66,6.28,11.57,35.7,43.7,0,0.23,0.04,SOILED_PANEL,HOLD,74
11.77,74.9,-1.4,-1.4,0.0,3964,3828,7,3896,10.12,0.66,6.68,12.13,34.0,50.8,0,0.2,0.035,SOILED_PANEL,HOLD,72
16.04,36.9,23.6,27.3,3.7,3922,4003,-81,3962,10.74,0.76,8.16,12.44,35.2,49.0,1,1.61,0.031,NOMINAL,STEP_CCW,98
14.49,59.7,14.5,14.5,0.1,3945,3933,12,3939,10.68,1.23,13.14,12.55,36.6,42.5,0,0.2,0.022,NOMINAL,HOLD,97
12.88,73.0,5.1,1.8,3.3,4002,3953,49,3977,10.51,1.48,15.55,12.59,37.4,41.6,1,1.57,0.03,NOMINAL,STEP_CW,98
11.91,75.0,-0.5,-0.5,0.1,4028,4033,-5,4030,10.71,1.56,16.71,12.61,38.2,43.0,0,0.21,0.022,NOMINAL,HOLD,97
19.0,0.0,0.0,0.1,0.1,445,229,216,337,0.77,0.0,0.0,12.14,25.4,61.1,0,0.22,0.033,NIGHT_HOLD,PARK_ZERO,98
13.83,66.5,10.7,10.7,0.0,3832,3837,7,3834,9.52,0.48,4.57,11.91,32.2,43.2,0,0.22,0.032,SOILED_PANEL,HOLD,66
13.53,69.1,8.9,8.9,0.0,4016,4001,5,4008,10.41,1.25,13.01,12.01,50.1,36.5,0,0.22,0.037,THERMAL_OVERHEAT,HOLD,68
13.63,68.3,9.5,12.2,2.7,3943,3998,-55,3970,10.75,1.39,14.94,12.53,36.9,42.0,1,1.48,0.032,NOMINAL,STEP_CCW,95
10.42,68.7,-9.2,-9.2,0.3,4007,4021,-14,4014,10.69,1.4,14.97,12.47,37.7,44.6,0,0.23,0.028,NOMINAL,HOLD,97
12.38,74.6,2.2,-1.5,3.7,3957,3880,77,3918,10.63,1.51,16.05,12.66,37.3,43.8,1,1.54,0.033,NOMINAL,STEP_CW,96
11.52,74.4,-2.8,-2.8,0.2,3975,3972,3,3973,10.53,1.55,16.32,12.51,38.8,42.2,0,0.19,0.021,NOMINAL,HOLD,96
14.09,64.0,12.2,12.0,0.2,3863,3829,34,3846,10.43,0.94,9.8,11.58,39.5,46.8,1,2.15,0.121,MECHANICAL_JAM,STEP_CW,60
7.1,21.2,-28.6,-28.6,0.0,3910,4020,13,3965,10.26,1.39,14.26,9.58,31.6,57.1,0,0.22,0.029,BATTERY_UNDERVOLTAGE,HOLD,65
11.26,73.6,-4.3,-5.9,1.6,3963,4007,-44,3985,10.03,1.22,12.24,11.41,40.3,45.4,1,2.47,0.115,MECHANICAL_JAM,STEP_CCW,59
13.54,69.0,9.0,9.0,0.0,3846,3924,-12,3885,9.55,0.69,6.59,11.78,33.3,41.0,0,0.22,0.026,SOILED_PANEL,HOLD,75
13.52,69.2,8.8,8.8,0.1,3953,3943,10,3948,10.53,1.42,14.95,12.53,37.6,41.2,0,0.23,0.025,NOMINAL,HOLD,99
13.38,70.2,8.0,6.8,1.2,3780,3740,40,3760,10.29,0.98,10.08,11.97,43.8,48.5,1,2.53,0.135,MECHANICAL_JAM,STEP_CW,53
10.1,65.9,-11.1,-8.1,3.0,3856,3809,47,3832,10.07,1.08,10.88,11.8,39.6,46.3,1,2.32,0.109,MECHANICAL_JAM,STEP_CW,57
20.0,0.0,0.0,-0.3,0.3,151,313,-162,232,1.92,0.0,0.0,11.52,26.2,59.2,0,0.22,0.026,NIGHT_HOLD,PARK_ZERO,98
12.97,72.6,5.6,5.6,0.0,3998,3991,7,3994,10.38,1.26,13.08,11.93,52.5,36.6,0,0.21,0.035,THERMAL_OVERHEAT,HOLD,60
16.86,22.1,28.3,28.3,0.3,4024,4037,-13,4030,10.76,0.47,5.06,12.27,34.7,49.4,0,0.2,0.021,NOMINAL,HOLD,95
9.54,59.9,-14.4,-14.4,0.3,4000,4011,-11,4005,10.69,1.22,13.04,12.57,36.6,42.6,0,0.19,0.022,NOMINAL,HOLD,97
12.68,73.8,4.0,4.0,0.1,4024,4021,3,4022,10.63,1.5,15.95,12.5,38.4,40.4,0,0.2,0.032,NOMINAL,HOLD,100
17.03,18.9,29.3,29.3,0.2,3967,3958,9,3962,10.61,0.38,4.03,12.27,33.9,50.3,0,0.19,0.024,NOMINAL,HOLD,100
8.04,38.2,-23.1,-23.1,0.1,4002,3991,11,3996,10.72,0.75,8.04,12.5,34.8,47.2,0,0.23,0.035,NOMINAL,HOLD,99
10.1,65.9,-11.1,-11.1,0.1,4021,4025,-4,4023,10.49,1.32,13.85,12.56,36.5,41.8,0,0.18,0.028,NOMINAL,HOLD,95
11.65,74.7,-2.0,-2.0,0.1,4027,4039,-12,4033,10.55,1.53,16.14,12.67,38.5,42.6,0,0.21,0.021,NOMINAL,HOLD,100
11.49,74.3,-2.9,-6.2,3.3,3952,3899,53,3925,10.56,1.53,16.16,12.57,37.0,41.4,1,1.54,0.022,NOMINAL,STEP_CW,96
14.95,53.8,17.2,17.2,0.2,4013,4021,-8,4017,10.74,1.12,12.03,12.5,35.7,43.4,0,0.24,0.025,NOMINAL,HOLD,95
4.5,0.0,0.0,0.9,0.9,100,145,-45,122,1.35,0.0,0.0,12.36,24.0,61.3,0,0.19,0.024,NIGHT_HOLD,PARK_ZERO,98
11.24,73.5,-4.4,-4.4,0.0,3869,3859,14,3864,10.66,1.27,13.54,8.83,37.0,59.2,0,0.19,0.039,BATTERY_UNDERVOLTAGE,HOLD,65
14.68,57.2,15.7,13.2,2.5,4006,3952,54,3979,10.53,1.16,12.21,12.57,35.8,43.1,1,1.54,0.034,NOMINAL,STEP_CW,100
8.29,42.3,-21.6,-21.6,0.3,4017,4008,9,4012,10.77,0.86,9.26,12.37,34.6,46.4,0,0.2,0.027,NOMINAL,HOLD,99
11.74,74.8,-1.5,-1.5,0.0,3801,3897,1,3849,9.64,0.65,6.27,11.68,39.6,52.5,0,0.22,0.037,SOILED_PANEL,HOLD,66
13.61,68.4,9.4,10.5,1.1,3840,3788,52,3814,10.38,1.35,14.01,11.24,42.8,43.8,1,2.11,0.116,MECHANICAL_JAM,STEP_CW,49
14.89,54.6,16.8,16.8,0.2,4024,4011,13,4017,10.66,1.15,12.26,12.48,35.7,44.8,0,0.2,0.022,NOMINAL,HOLD,100
15.03,52.6,17.7,15.0,2.7,3804,3868,-64,3836,10.04,1.21,12.15,11.93,38.1,45.2,1,2.53,0.103,MECHANICAL_JAM,STEP_CCW,60
18.5,0.0,0.0,0.8,0.8,103,356,-253,229,0.94,0.0,0.0,12.04,25.2,58.2,0,0.18,0.038,NIGHT_HOLD,PARK_ZERO,98
14.93,54.0,17.1,17.1,0.0,3828,3921,2,3874,10.28,0.65,6.68,11.83,33.1,49.0,0,0.23,0.026,SOILED_PANEL,HOLD,69
9.33,57.4,-15.6,-15.6,0.2,4025,4020,5,4022,10.61,1.2,12.73,12.58,36.0,43.2,0,0.22,0.022,NOMINAL,HOLD,96
8.66,48.1,-19.5,-22.3,2.8,3827,3774,53,3800,9.98,0.99,9.88,11.73,38.6,51.7,1,2.47,0.116,MECHANICAL_JAM,STEP_CW,53
7.95,36.6,-23.6,-23.6,0.2,3944,3940,4,3942,10.71,0.76,8.14,12.45,35.9,45.2,0,0.22,0.03,NOMINAL,HOLD,96
10.94,72.1,-6.2,-6.2,0.0,3946,3923,3,3934,10.14,0.42,4.26,12.1,39.8,46.1,0,0.25,0.029,SOILED_PANEL,HOLD,66
7.8,34.0,-24.5,-24.5,0.2,3983,3987,-4,3985,10.53,0.68,7.16,12.46,35.3,47.3,0,0.24,0.021,NOMINAL,HOLD,97
9.39,58.2,-15.2,-17.8,2.6,4019,3992,27,4005,10.54,1.19,12.54,12.43,36.8,43.4,1,1.5,0.033,NOMINAL,STEP_CW,97
12.59,74.1,3.4,7.3,3.9,3920,3973,-53,3946,10.75,1.56,16.77,12.53,38.6,41.0,1,1.54,0.02,NOMINAL,STEP_CCW,100
12.28,74.8,1.6,-1.3,2.9,4017,3958,59,3987,10.63,1.54,16.37,12.64,39.0,40.7,1,1.49,0.022,NOMINAL,STEP_CW,100
12.81,73.3,4.7,4.7,0.0,3958,3857,12,3907,9.99,0.54,5.39,12.16,35.4,43.0,0,0.2,0.039,SOILED_PANEL,HOLD,68
16.01,37.3,23.4,23.4,0.0,3907,3921,-1,3914,10.36,1.22,12.64,9.1,30.6,55.6,0,0.22,0.024,BATTERY_UNDERVOLTAGE,HOLD,76
17.05,18.4,29.5,29.5,0.1,4001,4011,-10,4006,10.7,0.4,4.28,12.39,33.0,50.7,0,0.23,0.03,NOMINAL,HOLD,98
9.23,56.2,-16.1,-16.1,0.1,3957,3963,-6,3960,10.51,1.17,12.3,12.59,35.8,44.3,0,0.23,0.03,NOMINAL,HOLD,97
5.5,0.0,0.0,0.0,0.0,348,132,216,240,1.93,0.0,0.0,12.04,23.4,63.8,0,0.23,0.031,NIGHT_HOLD,PARK_ZERO,98
8.19,40.7,-22.2,-18.8,3.4,3954,3993,-39,3973,10.75,0.8,8.6,12.48,34.8,47.1,1,1.6,0.026,NOMINAL,STEP_CCW,96
14.11,63.9,12.3,8.9,3.4,4016,3976,40,3996,10.77,1.32,14.22,12.56,36.8,45.0,1,1.49,0.03,NOMINAL,STEP_CW,100
11.14,73.1,-5.0,-5.0,0.3,3975,3981,-6,3978,10.66,1.49,15.88,12.62,37.4,41.7,0,0.23,0.02,NOMINAL,HOLD,100
9.17,55.3,-16.5,-16.5,0.2,3974,3967,7,3970,10.7,1.15,12.3,12.51,37.1,44.1,0,0.19,0.028,NOMINAL,HOLD,100
13.8,66.8,10.5,10.5,0.0,4025,3962,8,3993,10.15,1.49,15.12,11.94,53.1,35.1,0,0.24,0.046,THERMAL_OVERHEAT,HOLD,66
10.32,67.9,-9.8,-13.4,3.6,4016,3954,62,3985,10.59,1.42,15.04,12.61,37.3,44.6,1,1.49,0.023,NOMINAL,STEP_CW,96
19.0,0.0,0.0,-0.8,0.8,291,94,197,192,1.82,0.0,0.0,12.26,23.5,71.4,0,0.2,0.039,NIGHT_HOLD,PARK_ZERO,98
11.57,74.5,-2.5,-5.7,3.2,3807,3750,57,3778,10.25,1.33,13.63,11.72,41.9,49.5,1,2.53,0.092,MECHANICAL_JAM,STEP_CW,60
10.17,66.6,-10.7,-10.7,0.2,3969,3957,12,3963,10.56,1.4,14.78,12.47,37.1,43.6,0,0.2,0.03,NOMINAL,HOLD,98
14.85,55.1,16.6,16.5,0.1,3781,3818,-37,3799,10.57,1.06,11.2,11.29,40.7,51.1,1,2.49,0.119,MECHANICAL_JAM,STEP_CCW,50
14.09,64.1,12.2,12.2,0.0,3975,3961,-8,3968,10.46,1.47,15.38,12.2,55.0,29.5,0,0.22,0.037,THERMAL_OVERHEAT,HOLD,57
7.64,31.2,-25.4,-21.9,3.5,3958,3987,-29,3972,10.76,0.63,6.78,12.31,35.1,46.8,1,1.57,0.022,NOMINAL,STEP_CCW,97
18.5,0.0,0.0,0.7,0.7,192,205,-13,198,2.19,0.0,0.0,11.9,26.9,57.9,0,0.2,0.039,NIGHT_HOLD,PARK_ZERO,98
11.82,74.9,-1.1,-1.1,0.2,3964,3960,4,3962,10.72,1.54,16.51,12.62,38.8,43.9,0,0.2,0.031,NOMINAL,HOLD,100
10.5,69.3,-8.7,-11.3,2.6,3980,3931,49,3955,10.58,1.46,15.45,12.5,38.3,44.7,1,1.52,0.024,NOMINAL,STEP_CW,99
7.56,29.8,-25.9,-21.9,4.0,3970,4010,-40,3990,10.5,0.64,6.72,12.3,34.1,48.8,1,1.55,0.035,NOMINAL,STEP_CCW,96
12.82,73.3,4.8,4.8,0.2,4015,4014,1,4014,10.76,1.48,15.92,12.6,38.0,40.5,0,0.21,0.025,NOMINAL,HOLD,100
13.09,72.0,6.4,6.4,0.0,3816,3984,-4,3900,9.83,0.68,6.68,11.98,37.7,47.4,0,0.24,0.039,SOILED_PANEL,HOLD,68
11.62,74.6,-2.2,-1.9,0.3,3991,3944,47,3967,10.44,1.15,12.01,11.53,42.1,51.8,1,2.42,0.14,MECHANICAL_JAM,STEP_CW,46
10.44,68.8,-9.1,-9.1,0.3,3948,3943,5,3945,10.69,1.43,15.29,12.52,37.7,43.9,0,0.21,0.023,NOMINAL,HOLD,96
20.0,0.0,0.0,0.5,0.5,249,125,124,187,0.24,0.0,0.0,11.86,26.2,68.7,0,0.23,0.028,NIGHT_HOLD,PARK_ZERO,98
15.82,40.5,22.3,22.3,0.1,4030,4039,-9,4034,10.55,0.8,8.44,12.37,34.6,46.0,0,0.21,0.03,NOMINAL,HOLD,95
14.52,59.3,14.7,14.7,0.0,3934,3865,-15,3899,10.64,0.56,5.96,9.36,35.5,46.4,0,0.18,0.04,BATTERY_UNDERVOLTAGE,HOLD,65
20.0,0.0,0.0,-0.4,0.4,370,368,2,369,0.94,0.0,0.0,11.56,23.0,67.7,0,0.21,0.031,NIGHT_HOLD,PARK_ZERO,98
7.57,29.9,-25.9,-25.9,0.0,4013,4016,-3,4014,10.6,0.64,6.78,12.41,34.4,49.3,0,0.19,0.027,NOMINAL,HOLD,99
4.5,0.0,0.0,0.8,0.8,141,239,-98,190,2.34,0.0,0.0,11.6,26.1,66.8,0,0.19,0.022,NIGHT_HOLD,PARK_ZERO,98
9.24,56.3,-16.1,-15.3,0.8,3929,3965,-36,3947,10.56,1.23,12.99,11.25,38.0,43.4,1,2.63,0.114,MECHANICAL_JAM,STEP_CCW,57
5.5,0.0,0.0,0.8,0.8,325,417,-92,371,1.77,0.0,0.0,12.26,22.6,65.4,0,0.22,0.026,NIGHT_HOLD,PARK_ZERO,98
12.83,73.3,4.8,4.8,0.1,4022,4019,3,4020,10.57,1.5,15.86,12.53,38.7,41.9,0,0.19,0.027,NOMINAL,HOLD,95
11.9,75.0,-0.6,-0.6,0.1,3979,3981,-2,3980,10.71,1.52,16.28,12.64,37.1,43.3,0,0.21,0.023,NOMINAL,HOLD,95
12.87,73.0,5.1,5.1,0.0,3946,3938,-10,3942,10.52,1.24,13.04,9.33,30.4,49.5,0,0.19,0.039,BATTERY_UNDERVOLTAGE,HOLD,65
14.03,64.7,11.8,11.8,0.2,3962,3949,13,3955,10.67,1.29,13.76,12.49,37.1,42.1,0,0.21,0.023,NOMINAL,HOLD,97
18.5,0.0,0.0,-0.0,0.0,372,407,-35,389,1.53,0.0,0.0,11.54,24.3,73.0,0,0.19,0.026,NIGHT_HOLD,PARK_ZERO,98
13.76,67.2,10.2,12.5,2.3,3925,3999,-74,3962,10.58,1.41,14.92,12.47,36.7,42.0,1,1.6,0.03,NOMINAL,STEP_CCW,98
14.31,61.7,13.5,15.8,2.3,3955,3984,-29,3969,10.47,1.29,13.51,12.5,37.6,42.5,1,1.54,0.032,NOMINAL,STEP_CCW,97
13.39,70.1,8.1,8.1,0.2,3956,3956,0,3956,10.54,1.45,15.28,12.5,38.4,42.6,0,0.22,0.023,NOMINAL,HOLD,97
13.44,69.7,8.4,8.4,0.0,3974,3983,10,3978,9.64,0.54,5.21,11.63,36.6,41.6,0,0.21,0.036,SOILED_PANEL,HOLD,65
12.6,74.1,3.5,3.5,0.0,4000,4013,-13,4006,10.5,1.48,15.54,12.57,37.1,42.9,0,0.21,0.021,NOMINAL,HOLD,98
11.32,73.8,-4.0,-4.0,0.2,4024,4037,-13,4030,10.7,1.49,15.94,12.54,37.5,42.4,0,0.24,0.034,NOMINAL,HOLD,97
9.26,56.5,-16.0,-16.0,0.1,4022,4008,14,4015,10.58,1.2,12.7,12.5,36.0,45.0,0,0.18,0.025,NOMINAL,HOLD,100
16.08,36.1,23.8,23.8,0.1,3976,3974,2,3975,10.51,0.78,8.2,12.3,35.3,46.8,0,0.21,0.028,NOMINAL,HOLD,99
14.46,59.9,14.4,14.4,0.0,3953,3939,14,3946,10.47,1.19,12.46,12.43,36.6,44.3,0,0.22,0.033,NOMINAL,HOLD,100
4.5,0.0,0.0,-0.9,0.9,412,323,89,367,2.34,0.0,0.0,12.08,23.7,67.3,0,0.21,0.035,NIGHT_HOLD,PARK_ZERO,98
13.24,71.1,7.2,7.2,0.3,4001,4001,0,4001,10.52,1.46,15.36,12.55,37.0,43.1,0,0.24,0.023,NOMINAL,HOLD,98
16.2,34.0,24.5,24.5,0.0,3978,3967,11,3972,10.61,0.72,7.64,12.39,34.2,47.1,0,0.19,0.033,NOMINAL,HOLD,97
11.25,73.5,-4.4,-1.7,2.7,3898,3935,-37,3916,10.17,1.07,10.88,11.73,37.1,47.3,1,2.24,0.13,MECHANICAL_JAM,STEP_CCW,51
14.52,59.2,14.7,12.3,2.4,4020,3965,55,3992,10.71,1.21,12.96,12.48,36.5,44.0,1,1.6,0.028,NOMINAL,STEP_CW,98
15.33,48.3,19.4,19.4,0.0,3998,3959,-2,3978,10.23,0.72,7.37,9.35,31.3,50.8,0,0.21,0.024,BATTERY_UNDERVOLTAGE,HOLD,72
18.5,0.0,0.0,-0.2,0.2,421,168,253,294,0.68,0.0,0.0,12.17,25.4,58.1,0,0.2,0.036,NIGHT_HOLD,PARK_ZERO,98
11.29,73.7,-4.1,-4.3,0.2,3971,4005,-34,3988,10.39,1.34,13.92,11.74,42.3,42.9,1,2.1,0.14,MECHANICAL_JAM,STEP_CCW,46
7.9,35.8,-23.9,-23.9,0.0,3891,3851,8,3871,10.28,0.71,7.3,9.64,32.9,58.6,0,0.22,0.037,BATTERY_UNDERVOLTAGE,HOLD,72
8.75,49.5,-18.9,-18.9,0.0,3877,3825,10,3851,10.48,1.4,14.67,8.95,33.3,53.0,0,0.22,0.023,BATTERY_UNDERVOLTAGE,HOLD,73
14.2,62.9,12.8,12.8,0.3,3954,3961,-7,3957,10.51,1.29,13.56,12.59,36.3,43.1,0,0.22,0.026,NOMINAL,HOLD,96
12.95,72.7,5.5,7.9,2.4,3967,4024,-57,3995,10.6,1.45,15.37,12.59,38.2,41.7,1,1.56,0.025,NOMINAL,STEP_CCW,95
7.26,24.3,-27.7,-27.7,0.1,3959,3961,-2,3960,10.75,0.53,5.7,12.27,34.2,47.9,0,0.19,0.032,NOMINAL,HOLD,95
16.84,22.5,28.2,28.2,0.0,3926,3804,4,3865,10.65,0.92,9.8,8.97,36.8,47.9,0,0.2,0.03,BATTERY_UNDERVOLTAGE,HOLD,65
16.46,29.4,26.0,26.0,0.1,3973,3978,-5,3975,10.6,0.57,6.04,12.41,34.9,47.9,0,0.21,0.021,NOMINAL,HOLD,99
4.5,0.0,0.0,-1.0,1.0,373,89,284,231,0.76,0.0,0.0,11.68,24.8,62.8,0,0.22,0.025,NIGHT_HOLD,PARK_ZERO,98
13.1,71.9,6.4,6.4,0.0,4015,4004,3,4009,10.45,1.24,12.96,12.01,50.8,29.9,0,0.22,0.032,THERMAL_OVERHEAT,HOLD,62
7.43,27.5,-26.6,-26.6,0.1,3954,3952,2,3953,10.51,0.59,6.2,12.3,33.6,46.6,0,0.18,0.029,NOMINAL,HOLD,96
16.0,37.5,23.3,23.3,0.0,3983,3972,11,3977,10.66,0.74,7.89,12.43,35.7,46.8,0,0.23,0.033,NOMINAL,HOLD,100
9.73,62.2,-13.2,-13.2,0.0,3980,3835,-6,3907,10.21,0.67,6.84,11.55,37.7,41.4,0,0.22,0.034,SOILED_PANEL,HOLD,65
5.5,0.0,0.0,-0.2,0.2,400,351,49,375,0.48,0.0,0.0,12.24,26.2,64.9,0,0.22,0.029,NIGHT_HOLD,PARK_ZERO,98
13.01,72.4,5.9,8.5,2.6,3897,3950,-53,3923,10.76,1.47,15.82,12.66,37.9,41.1,1,1.49,0.022,NOMINAL,STEP_CCW,95
14.79,55.9,16.3,18.1,1.8,3851,3906,-55,3878,10.28,1.15,11.82,11.43,39.4,50.2,1,2.5,0.117,MECHANICAL_JAM,STEP_CCW,53
8.61,47.4,-19.8,-19.8,0.0,3815,3816,0,3815,10.37,1.23,12.76,9.42,36.5,46.2,0,0.23,0.034,BATTERY_UNDERVOLTAGE,HOLD,65
13.92,65.7,11.2,11.2,0.2,4029,4032,-3,4030,10.67,1.31,13.98,12.5,37.9,43.0,0,0.22,0.031,NOMINAL,HOLD,98
12.9,72.9,5.3,5.3,0.0,4012,3990,7,4001,10.6,1.26,13.36,12.15,49.3,31.5,0,0.23,0.039,THERMAL_OVERHEAT,HOLD,67
17.2,15.7,30.3,30.3,0.3,3959,3959,0,3959,10.7,0.32,3.42,12.19,32.5,49.2,0,0.19,0.035,NOMINAL,HOLD,100
11.19,73.3,-4.7,-4.7,0.0,3911,4002,9,3956,10.2,0.4,4.08,12.16,33.7,40.2,0,0.22,0.025,SOILED_PANEL,HOLD,65
20.0,0.0,0.0,-0.7,0.7,361,222,139,291,0.57,0.0,0.0,11.94,26.3,63.7,0,0.24,0.023,NIGHT_HOLD,PARK_ZERO,98
7.16,22.4,-28.2,-26.5,1.7,3946,4011,-65,3978,10.51,0.46,4.83,12.32,33.2,49.0,1,1.57,0.034,NOMINAL,STEP_CCW,100
12.78,73.4,4.6,4.6,0.0,3975,3958,1,3966,9.87,0.56,5.53,11.82,34.7,45.6,0,0.23,0.023,SOILED_PANEL,HOLD,71
7.19,23.1,-28.0,-28.0,0.1,3981,3989,-8,3985,10.74,0.51,5.48,12.35,34.6,48.8,0,0.22,0.024,NOMINAL,HOLD,97
10.14,66.3,-10.8,-10.8,0.0,4020,4024,-4,4022,10.74,1.38,14.82,12.58,37.9,42.2,0,0.21,0.028,NOMINAL,HOLD,95
15.81,40.7,22.2,22.2,0.0,3898,3992,-11,3945,10.51,0.58,6.1,9.29,34.8,58.4,0,0.24,0.025,BATTERY_UNDERVOLTAGE,HOLD,72
12.58,74.1,3.4,3.4,0.0,3985,3968,1,3976,10.52,1.22,12.83,11.95,53.4,31.3,0,0.25,0.04,THERMAL_OVERHEAT,HOLD,57
17.02,19.0,29.3,29.3,0.1,4008,3994,14,4001,10.71,0.36,3.86,12.39,33.7,48.7,0,0.19,0.021,NOMINAL,HOLD,96
12.05,75.0,0.3,0.3,0.1,3941,3933,8,3937,10.53,1.52,16.01,12.51,38.3,41.7,0,0.2,0.026,NOMINAL,HOLD,96
10.7,70.7,-7.6,-7.6,0.1,3953,3957,-4,3955,10.61,1.43,15.17,12.6,37.2,42.9,0,0.24,0.025,NOMINAL,HOLD,95
14.21,62.8,12.9,12.9,0.0,3941,3922,-1,3931,9.36,0.64,5.99,11.7,32.2,46.5,0,0.22,0.024,SOILED_PANEL,HOLD,71
6.88,17.1,-29.9,-29.9,0.2,3945,3941,4,3943,10.49,0.37,3.88,12.22,32.5,48.0,0,0.23,0.022,NOMINAL,HOLD,99
13.28,70.8,7.5,7.5,0.0,3823,3993,-1,3908,10.27,0.47,4.83,11.73,38.0,47.4,0,0.23,0.03,SOILED_PANEL,HOLD,72
14.14,63.5,12.5,12.5,0.0,3997,4005,-8,4001,10.7,1.33,14.23,12.48,36.2,44.3,0,0.19,0.02,NOMINAL,HOLD,100
8.98,52.8,-17.6,-17.6,0.1,3959,3966,-7,3962,10.51,1.07,11.25,12.46,36.5,44.5,0,0.24,0.028,NOMINAL,HOLD,97
13.87,66.2,10.9,10.9,0.2,3965,3978,-13,3971,10.53,1.37,14.43,12.45,37.7,43.5,0,0.22,0.026,NOMINAL,HOLD,96
12.46,74.5,2.7,2.7,0.0,3950,4030,9,3990,10.24,1.37,14.03,12.11,50.1,30.0,0,0.24,0.037,THERMAL_OVERHEAT,HOLD,60
10.82,71.4,-6.9,-6.9,0.1,4017,4017,0,4017,10.67,1.49,15.9,12.52,36.9,42.0,0,0.24,0.022,NOMINAL,HOLD,96
12.56,74.2,3.3,5.0,1.7,3884,3912,-28,3898,10.17,1.22,12.41,11.38,43.1,50.4,1,2.22,0.082,MECHANICAL_JAM,STEP_CCW,45
9.45,58.9,-14.9,-16.1,1.2,3934,3975,-41,3954,10.59,1.2,12.71,11.33,39.9,47.6,1,2.26,0.149,MECHANICAL_JAM,STEP_CCW,52
5.5,0.0,0.0,0.8,0.8,95,397,-302,246,0.13,0.0,0.0,11.51,23.6,55.0,0,0.21,0.035,NIGHT_HOLD,PARK_ZERO,98
7.57,30.0,-25.8,-25.8,0.2,3987,3988,-1,3987,10.6,0.58,6.15,12.41,35.2,47.2,0,0.18,0.024,NOMINAL,HOLD,96
12.82,73.3,4.8,4.8,0.0,3974,4002,-12,3988,10.17,0.68,6.92,11.54,32.9,50.9,0,0.22,0.038,SOILED_PANEL,HOLD,73
9.47,59.1,-14.8,-17.5,2.7,3969,3897,72,3933,10.59,1.2,12.71,12.42,36.6,44.0,1,1.51,0.023,NOMINAL,STEP_CW,95
6.98,19.1,-29.3,-29.3,0.2,4030,4036,-6,4033,10.61,0.42,4.46,12.21,33.1,50.9,0,0.2,0.024,NOMINAL,HOLD,98
17.45,10.7,31.8,31.8,0.2,3995,3982,13,3988,10.68,0.24,2.56,12.3,33.3,49.7,0,0.21,0.021,NOMINAL,HOLD,97
11.7,74.8,-1.8,-1.8,0.2,4010,4013,-3,4011,10.57,1.55,16.38,12.58,38.1,41.5,0,0.21,0.035,NOMINAL,HOLD,97
13.04,72.3,6.0,6.0,0.0,3926,3972,5,3949,9.65,0.69,6.66,11.47,34.0,42.1,0,0.25,0.033,SOILED_PANEL,HOLD,69
15.98,37.8,23.2,23.2,0.0,4020,4018,2,4019,10.57,0.79,8.35,12.45,35.7,47.2,0,0.19,0.035,NOMINAL,HOLD,96
10.86,71.7,-6.7,-10.4,3.7,4019,3961,58,3990,10.5,1.43,15.01,12.67,38.1,41.1,1,1.49,0.023,NOMINAL,STEP_CW,100
11.88,75.0,-0.7,-0.7,0.3,4010,4013,-3,4011,10.63,1.56,16.58,12.54,37.7,41.6,0,0.24,0.031,NOMINAL,HOLD,95
13.15,71.6,6.7,4.3,2.4,3953,3913,40,3933,9.92,0.94,9.32,11.96,37.9,46.1,1,2.55,0.118,MECHANICAL_JAM,STEP_CW,48
8.6,47.2,-19.8,-19.8,0.1,3963,3971,-8,3967,10.67,0.93,9.92,12.44,35.0,47.5,0,0.23,0.03,NOMINAL,HOLD,95
9.8,62.9,-12.8,-12.8,0.1,4019,4020,-1,4019,10.61,1.3,13.79,12.44,37.0,41.7,0,0.22,0.025,NOMINAL,HOLD,95
11.79,74.9,-1.2,0.9,2.1,4000,4059,-59,4029,10.3,1.08,11.12,11.98,39.9,42.3,1,2.12,0.114,MECHANICAL_JAM,STEP_CCW,47
12.48,74.4,2.8,2.8,0.2,4020,4012,8,4016,10.61,1.55,16.45,12.55,38.9,40.2,0,0.24,0.025,NOMINAL,HOLD,100
8.88,51.4,-18.2,-18.2,0.0,4015,4025,-10,4020,10.7,1.09,11.66,12.46,36.1,45.0,0,0.23,0.03,NOMINAL,HOLD,98
12.39,74.6,2.3,0.2,2.1,4016,3983,33,3999,10.74,1.51,16.22,12.53,37.5,41.4,1,1.55,0.022,NOMINAL,STEP_CW,96
7.35,25.9,-27.2,-27.2,0.1,4023,4025,-2,4024,10.7,0.49,5.24,12.27,33.7,49.3,0,0.23,0.033,NOMINAL,HOLD,96
15.39,47.3,19.8,21.6,1.8,3892,3967,-75,3929,10.76,0.98,10.54,12.36,35.8,46.9,1,1.5,0.026,NOMINAL,STEP_CCW,100
14.13,63.6,12.4,12.4,0.0,3944,3943,1,3943,10.64,1.3,13.83,12.45,36.6,45.3,0,0.2,0.025,NOMINAL,HOLD,98
9.18,55.4,-16.5,-14.7,1.8,3886,3970,-84,3928,10.53,1.11,11.69,12.53,36.5,44.8,1,1.49,0.027,NOMINAL,STEP_CCW,100
11.31,73.8,-4.0,-3.6,0.4,3853,3811,42,3832,9.91,1.25,12.39,11.21,36.5,49.9,1,2.16,0.127,MECHANICAL_JAM,STEP_CW,45
15.11,51.4,18.2,18.2,0.0,3881,3862,12,3871,10.44,0.71,7.41,9.46,33.8,48.2,0,0.19,0.031,BATTERY_UNDERVOLTAGE,HOLD,75
15.34,48.1,19.5,19.5,0.0,3958,3956,2,3957,10.49,0.99,10.39,12.55,36.0,44.6,0,0.23,0.031,NOMINAL,HOLD,100
12.68,73.8,3.9,3.9,0.0,3983,4002,-9,3992,10.48,1.21,12.68,11.99,51.8,29.9,0,0.24,0.037,THERMAL_OVERHEAT,HOLD,62
16.04,36.9,23.5,21.7,1.8,4015,3950,65,3982,10.66,0.78,8.31,12.33,35.1,46.2,1,1.6,0.032,NOMINAL,STEP_CW,98
11.09,72.9,-5.3,-5.3,0.2,3958,3948,10,3953,10.48,1.48,15.51,12.54,38.1,44.2,0,0.23,0.025,NOMINAL,HOLD,99
16.61,26.6,26.9,29.6,2.7,3945,3999,-54,3972,10.72,0.55,5.9,12.35,34.5,48.8,1,1.59,0.032,NOMINAL,STEP_CCW,96
7.5,28.7,-26.2,-26.2,0.1,4018,4016,2,4017,10.55,0.57,6.01,12.31,33.9,48.2,0,0.22,0.025,NOMINAL,HOLD,97
12.73,73.6,4.2,4.2,0.1,3982,3970,12,3976,10.59,1.49,15.78,12.58,38.2,43.3,0,0.21,0.033,NOMINAL,HOLD,96
14.07,64.2,12.1,12.1,0.2,4009,4001,8,4005,10.53,1.32,13.9,12.55,36.4,44.3,0,0.21,0.024,NOMINAL,HOLD,96
14.32,61.6,13.5,15.8,2.3,3825,3859,-34,3842,10.11,1.26,12.74,11.95,39.7,45.4,1,2.24,0.085,MECHANICAL_JAM,STEP_CCW,48
15.44,46.5,20.1,21.6,1.5,3909,3982,-73,3945,10.61,0.99,10.5,12.46,35.3,46.1,1,1.61,0.023,NOMINAL,STEP_CCW,95
13.41,70.0,8.2,8.2,0.0,3989,3990,-1,3989,10.51,1.41,14.82,12.63,38.6,40.8,0,0.2,0.021,NOMINAL,HOLD,95
9.45,58.9,-14.9,-18.7,3.8,4004,3935,69,3969,10.74,1.21,13.0,12.42,36.4,44.6,1,1.51,0.024,NOMINAL,STEP_CW,98
9.76,62.5,-13.0,-12.3,0.7,3821,3851,-30,3836,9.92,1.18,11.71,11.45,37.8,50.1,1,2.55,0.094,MECHANICAL_JAM,STEP_CCW,45
7.5,28.8,-26.2,-30.1,3.9,4012,3969,43,3990,10.54,0.58,6.11,12.3,34.5,49.7,1,1.5,0.034,NOMINAL,STEP_CW,97
10.43,68.8,-9.1,-9.1,0.0,3878,3911,6,3894,10.15,0.65,6.6,11.76,33.9,52.7,0,0.22,0.029,SOILED_PANEL,HOLD,64
10.73,70.9,-7.4,-7.4,0.1,3974,3971,3,3972,10.67,1.45,15.47,12.65,37.4,40.6,0,0.19,0.028,NOMINAL,HOLD,98
13.17,71.5,6.8,6.8,0.2,4029,4024,5,4026,10.52,1.46,15.36,12.52,37.4,41.6,0,0.22,0.031,NOMINAL,HOLD,96
14.63,57.9,15.4,15.4,0.0,3953,4022,-3,3987,10.42,1.22,12.71,12.23,49.2,33.7,0,0.22,0.03,THERMAL_OVERHEAT,HOLD,61
16.5,28.7,26.3,26.3,0.1,3974,3981,-7,3977,10.77,0.59,6.35,12.29,35.0,48.8,0,0.2,0.029,NOMINAL,HOLD,96
17.27,14.2,30.7,30.7,0.2,4030,4042,-12,4036,10.5,0.31,3.25,12.19,32.3,51.8,0,0.23,0.027,NOMINAL,HOLD,97
11.62,74.6,-2.2,-2.2,0.0,3847,3858,1,3852,9.54,0.53,5.06,11.59,32.7,40.8,0,0.23,0.036,SOILED_PANEL,HOLD,75
8.44,44.6,-20.8,-20.8,0.3,3961,3947,14,3954,10.71,0.89,9.53,12.48,34.7,44.5,0,0.19,0.032,NOMINAL,HOLD,96
15.07,52.1,17.9,17.9,0.1,3959,3968,-9,3963,10.53,1.09,11.48,12.44,35.5,44.1,0,0.21,0.032,NOMINAL,HOLD,99
7.13,21.8,-28.4,-28.4,0.0,3956,3966,-10,3961,10.65,0.44,4.69,12.37,33.7,48.9,0,0.19,0.031,NOMINAL,HOLD,100
13.12,71.8,6.5,8.3,1.8,3700,3668,32,3684,10.03,1.16,11.63,11.59,42.0,47.5,1,2.5,0.142,MECHANICAL_JAM,STEP_CW,59
16.88,21.7,28.4,28.4,0.2,3991,3983,8,3987,10.63,0.44,4.68,12.32,33.7,50.3,0,0.23,0.023,NOMINAL,HOLD,99
15.76,41.5,21.9,21.9,0.3,3988,3990,-2,3989,10.48,0.85,8.91,12.47,34.7,47.6,0,0.2,0.031,NOMINAL,HOLD,98
15.2,50.2,18.6,15.5,3.1,4000,3955,45,3977,10.47,1.01,10.57,12.46,36.0,45.2,1,1.51,0.027,NOMINAL,STEP_CW,96
11.07,72.8,-5.4,-5.4,0.3,4021,4007,14,4014,10.56,1.46,15.42,12.58,37.6,42.9,0,0.24,0.027,NOMINAL,HOLD,99
15.21,50.0,18.7,18.7,0.0,3941,3922,-14,3931,10.67,1.37,14.62,9.28,32.8,47.9,0,0.24,0.023,BATTERY_UNDERVOLTAGE,HOLD,66
13.27,70.9,7.4,7.4,0.0,3869,3815,-12,3842,9.76,0.57,5.56,11.7,35.6,45.0,0,0.23,0.027,SOILED_PANEL,HOLD,67
7.51,28.9,-26.2,-26.2,0.0,3932,3949,-12,3940,10.64,1.26,13.41,9.23,34.1,55.0,0,0.21,0.035,BATTERY_UNDERVOLTAGE,HOLD,73
18.5,0.0,0.0,0.9,0.9,273,249,24,261,1.65,0.0,0.0,11.9,26.3,60.3,0,0.19,0.038,NIGHT_HOLD,PARK_ZERO,98
11.3,73.8,-4.1,-4.1,0.0,3900,3856,-11,3878,9.25,0.35,3.24,11.51,35.3,42.9,0,0.24,0.038,SOILED_PANEL,HOLD,68
9.31,57.1,-15.7,-14.2,1.5,3889,3970,-81,3929,10.55,1.17,12.34,12.42,36.5,46.3,1,1.6,0.034,NOMINAL,STEP_CCW,98
13.02,72.4,5.9,5.9,0.0,4007,3887,7,3947,10.0,0.48,4.8,11.78,39.7,48.7,0,0.23,0.038,SOILED_PANEL,HOLD,73
13.65,68.1,9.6,9.6,0.0,3934,3839,6,3886,10.54,1.22,12.86,9.32,32.2,53.9,0,0.23,0.025,BATTERY_UNDERVOLTAGE,HOLD,65
9.49,59.4,-14.6,-12.3,2.3,3962,4001,-39,3981,10.65,1.24,13.21,12.47,37.4,44.3,1,1.49,0.033,NOMINAL,STEP_CCW,96
9.24,56.2,-16.1,-12.3,3.8,3978,4019,-41,3998,10.59,1.14,12.07,12.51,36.1,43.5,1,1.55,0.029,NOMINAL,STEP_CCW,100
19.0,0.0,0.0,0.9,0.9,109,303,-194,206,1.01,0.0,0.0,11.89,24.5,74.6,0,0.2,0.027,NIGHT_HOLD,PARK_ZERO,98
11.87,75.0,-0.8,-0.8,0.0,3925,3901,3,3913,10.31,0.93,9.59,9.04,31.9,57.1,0,0.2,0.032,BATTERY_UNDERVOLTAGE,HOLD,74
12.25,74.8,1.5,1.5,0.0,3960,3960,-10,3960,10.18,1.33,13.54,12.34,55.5,35.9,0,0.24,0.033,THERMAL_OVERHEAT,HOLD,55
18.5,0.0,0.0,-0.9,0.9,229,267,-38,248,1.7,0.0,0.0,12.33,26.2,68.3,0,0.19,0.023,NIGHT_HOLD,PARK_ZERO,98
8.0,37.5,-23.3,-23.3,0.0,3949,3821,-14,3885,10.51,1.32,13.87,8.99,31.4,50.9,0,0.24,0.022,BATTERY_UNDERVOLTAGE,HOLD,74
15.37,47.7,19.6,19.6,0.0,3818,4012,4,3915,10.34,0.56,5.79,9.41,32.1,54.7,0,0.22,0.022,BATTERY_UNDERVOLTAGE,HOLD,74
10.27,67.4,-10.1,-10.8,0.7,3931,3986,-55,3958,10.09,1.15,11.6,11.43,41.6,46.0,1,2.54,0.096,MECHANICAL_JAM,STEP_CCW,54
8.82,50.4,-18.6,-18.6,0.2,3950,3963,-13,3956,10.73,1.01,10.84,12.57,35.3,46.2,0,0.18,0.024,NOMINAL,HOLD,97
12.87,73.1,5.1,2.5,2.6,4020,3987,33,4003,10.56,1.52,16.05,12.67,38.2,41.7,1,1.58,0.026,NOMINAL,STEP_CW,97
5.5,0.0,0.0,0.7,0.7,209,279,-70,244,0.47,0.0,0.0,11.95,25.9,62.9,0,0.22,0.026,NIGHT_HOLD,PARK_ZERO,98
10.96,72.2,-6.1,-6.1,0.0,3981,3908,9,3944,9.55,0.67,6.4,11.85,37.6,40.1,0,0.24,0.039,SOILED_PANEL,HOLD,68
14.25,62.3,13.1,13.1,0.0,3885,3837,-11,3861,10.17,0.43,4.37,11.88,39.7,53.6,0,0.24,0.028,SOILED_PANEL,HOLD,74
19.0,0.0,0.0,0.4,0.4,394,270,124,332,0.84,0.0,0.0,11.59,26.6,74.4,0,0.19,0.023,NIGHT_HOLD,PARK_ZERO,98
15.94,38.6,23.0,20.8,2.2,4017,3966,51,3991,10.65,0.8,8.52,12.39,36.0,48.1,1,1.62,0.027,NOMINAL,STEP_CW,100
9.69,61.7,-13.5,-10.9,2.6,3925,3992,-67,3958,10.65,1.3,13.85,12.44,37.6,43.4,1,1.48,0.027,NOMINAL,STEP_CCW,99
16.65,25.9,27.1,25.0,2.1,3988,3946,42,3967,10.73,0.56,6.01,12.37,34.2,48.1,1,1.6,0.02,NOMINAL,STEP_CW,96
20.0,0.0,0.0,-0.5,0.5,81,300,-219,190,0.12,0.0,0.0,11.57,26.8,65.7,0,0.23,0.039,NIGHT_HOLD,PARK_ZERO,98
19.0,0.0,0.0,0.5,0.5,419,106,313,262,1.24,0.0,0.0,12.02,25.2,66.0,0,0.23,0.037,NIGHT_HOLD,PARK_ZERO,98
10.78,71.2,-7.1,-9.0,1.9,3975,3908,67,3941,10.6,1.45,15.37,12.53,37.7,40.9,1,1.48,0.034,NOMINAL,STEP_CW,100
13.26,71.0,7.3,8.5,1.2,3804,3859,-55,3831,10.38,1.08,11.21,11.81,38.3,52.0,1,2.48,0.125,MECHANICAL_JAM,STEP_CCW,47
16.11,35.7,23.9,25.4,1.5,3888,3958,-70,3923,10.71,0.77,8.25,12.48,34.1,47.0,1,1.59,0.022,NOMINAL,STEP_CCW,99
7.84,34.8,-24.2,-24.2,0.1,3985,3997,-12,3991,10.58,0.71,7.51,12.32,35.7,48.3,0,0.23,0.034,NOMINAL,HOLD,99
15.23,49.8,18.8,18.8,0.0,3983,3993,-10,3988,10.71,1.03,11.03,12.46,36.8,45.9,0,0.19,0.02,NOMINAL,HOLD,98
11.26,73.6,-4.3,-7.7,3.4,3977,3926,51,3951,10.66,1.51,16.1,12.61,38.3,44.1,1,1.5,0.031,NOMINAL,STEP_CW,100
15.09,51.8,18.0,18.0,0.1,4022,4026,-4,4024,10.74,1.03,11.06,12.41,36.3,43.2,0,0.2,0.03,NOMINAL,HOLD,97
11.07,72.8,-5.4,-9.3,3.9,4009,3928,81,3968,10.72,1.5,16.08,12.6,37.1,40.8,1,1.49,0.027,NOMINAL,STEP_CW,99
10.25,67.2,-10.2,-10.2,0.0,4021,4009,12,4015,10.56,1.41,14.89,12.52,38.1,41.3,0,0.2,0.025,NOMINAL,HOLD,96
15.47,46.1,20.3,22.5,2.2,3971,4002,-31,3986,10.76,0.93,10.01,12.45,36.2,45.5,1,1.62,0.02,NOMINAL,STEP_CCW,97
14.12,63.8,12.4,12.4,0.0,3835,3934,4,3884,10.5,0.6,6.3,8.91,37.8,56.5,0,0.2,0.022,BATTERY_UNDERVOLTAGE,HOLD,74
14.4,60.6,14.0,12.1,1.9,3981,3936,45,3958,10.55,1.34,14.14,11.64,43.3,48.6,1,2.16,0.108,MECHANICAL_JAM,STEP_CW,46
15.78,41.2,22.0,22.0,0.0,3823,3968,-5,3895,10.33,0.55,5.68,8.87,37.6,53.8,0,0.19,0.03,BATTERY_UNDERVOLTAGE,HOLD,72
10.97,72.3,-6.0,-6.0,0.0,3971,3968,3,3969,10.52,1.5,15.78,12.6,38.5,42.9,0,0.18,0.02,NOMINAL,HOLD,96
7.89,35.7,-24.0,-27.6,3.6,4015,3946,69,3980,10.59,0.75,7.94,12.47,35.0,48.2,1,1.51,0.033,NOMINAL,STEP_CW,98
7.15,22.3,-28.3,-28.3,0.2,4007,4015,-8,4011,10.51,0.5,5.25,12.3,33.9,48.1,0,0.2,0.029,NOMINAL,HOLD,95
9.3,57.1,-15.7,-15.7,0.0,3991,4002,-11,3996,10.69,1.19,12.72,12.52,37.2,44.7,0,0.22,0.035,NOMINAL,HOLD,96
9.24,56.3,-16.1,-16.1,0.0,3863,3990,-11,3926,10.0,0.59,5.9,11.51,33.7,54.4,0,0.23,0.033,SOILED_PANEL,HOLD,73
13.18,71.5,6.9,6.9,0.0,3905,3827,-2,3866,9.43,0.4,3.77,11.98,38.3,53.0,0,0.22,0.028,SOILED_PANEL,HOLD,72
9.53,59.8,-14.4,-14.4,0.3,3966,3976,-10,3971,10.53,1.24,13.06,12.61,36.3,44.0,0,0.2,0.024,NOMINAL,HOLD,95
11.47,74.3,-3.1,-5.5,2.4,3804,3840,-36,3822,10.13,1.34,13.57,11.31,38.2,46.3,1,2.11,0.135,MECHANICAL_JAM,STEP_CCW,47
10.33,67.9,-9.8,-9.8,0.1,3975,3967,8,3971,10.76,1.38,14.85,12.56,37.3,41.5,0,0.23,0.032,NOMINAL,HOLD,100
8.91,51.7,-18.0,-15.2,2.8,3942,3968,-26,3955,10.69,1.06,11.33,12.51,35.7,45.7,1,1.5,0.032,NOMINAL,STEP_CCW,100
7.19,23.0,-28.0,-26.2,1.8,3958,3986,-28,3972,10.54,0.51,5.38,12.41,34.6,49.2,1,1.52,0.034,NOMINAL,STEP_CCW,96
17.25,14.6,30.6,30.6,0.3,4028,4032,-4,4030,10.6,0.29,3.07,12.27,32.5,51.0,0,0.23,0.031,NOMINAL,HOLD,98
14.44,60.2,14.2,14.8,0.6,3749,3778,-29,3763,10.1,1.21,12.22,11.91,38.6,50.6,1,2.3,0.133,MECHANICAL_JAM,STEP_CCW,55
11.24,73.5,-4.4,-4.4,0.2,4012,4023,-11,4017,10.54,1.54,16.23,12.53,37.7,44.2,0,0.23,0.021,NOMINAL,HOLD,100
12.53,74.3,3.1,1.0,2.1,3977,3938,39,3957,10.48,1.48,15.51,12.61,37.2,41.2,1,1.53,0.029,NOMINAL,STEP_CW,98
7.53,29.2,-26.1,-23.1,3.0,3902,3982,-80,3942,10.63,0.61,6.48,12.41,33.4,48.9,1,1.59,0.028,NOMINAL,STEP_CCW,100
14.52,59.3,14.7,17.4,2.7,3930,4002,-72,3966,10.5,1.22,12.81,12.46,36.9,42.1,1,1.6,0.03,NOMINAL,STEP_CCW,97
12.62,74.0,3.6,3.6,0.2,4013,4007,6,4010,10.55,1.49,15.72,12.53,38.4,43.1,0,0.18,0.023,NOMINAL,HOLD,96
10.36,68.2,-9.6,-12.7,3.1,3716,3660,56,3688,9.89,1.36,13.45,11.36,41.0,50.8,1,2.26,0.128,MECHANICAL_JAM,STEP_CW,49
15.67,43.0,21.4,21.4,0.1,3987,3996,-9,3991,10.52,0.91,9.57,12.41,34.6,44.9,0,0.18,0.021,NOMINAL,HOLD,98
10.38,68.3,-9.5,-9.5,0.0,4008,3842,-4,3925,9.99,0.6,5.99,12.11,36.2,53.5,0,0.23,0.039,SOILED_PANEL,HOLD,71
16.25,33.2,24.8,24.8,0.3,4024,4021,3,4022,10.76,0.68,7.32,12.4,35.2,46.7,0,0.21,0.024,NOMINAL,HOLD,96
15.28,49.0,19.1,17.1,2.0,3998,3954,44,3976,10.61,0.97,10.29,12.48,36.5,44.0,1,1.59,0.021,NOMINAL,STEP_CW,100
16.95,20.4,28.8,28.8,0.1,4014,4008,6,4011,10.72,0.38,4.07,12.25,34.4,50.5,0,0.22,0.024,NOMINAL,HOLD,95
13.18,71.5,6.9,9.0,2.1,3910,3960,-50,3935,10.63,1.45,15.41,12.55,37.0,41.2,1,1.53,0.026,NOMINAL,STEP_CCW,96
13.74,67.4,10.2,10.2,0.0,3978,3962,-10,3970,9.77,0.57,5.57,11.46,37.8,48.2,0,0.24,0.026,SOILED_PANEL,HOLD,64
17.42,11.3,31.6,31.6,0.0,3943,3957,-14,3950,10.68,0.26,2.78,12.31,32.1,49.1,0,0.23,0.031,NOMINAL,HOLD,100
7.41,27.0,-26.8,-26.8,0.3,3996,4007,-11,4001,10.63,0.54,5.74,12.4,34.7,48.8,0,0.23,0.031,NOMINAL,HOLD,97
13.72,67.5,10.0,10.0,0.0,4003,3929,5,3966,10.34,0.79,8.17,8.96,34.4,47.2,0,0.22,0.031,BATTERY_UNDERVOLTAGE,HOLD,69
16.51,28.5,26.3,26.3,0.1,3976,3966,10,3971,10.71,0.57,6.1,12.35,34.3,48.1,0,0.21,0.021,NOMINAL,HOLD,95
19.0,0.0,0.0,0.8,0.8,273,256,17,264,1.59,0.0,0.0,11.58,26.3,60.5,0,0.19,0.028,NIGHT_HOLD,PARK_ZERO,98
11.48,74.3,-3.0,-3.0,0.0,4004,3868,4,3936,9.45,0.46,4.35,11.93,34.9,52.3,0,0.24,0.028,SOILED_PANEL,HOLD,62
6.93,18.1,-29.6,-29.6,0.1,3992,3999,-7,3995,10.65,0.37,3.94,12.27,34.4,50.7,0,0.22,0.032,NOMINAL,HOLD,99
8.52,45.9,-20.3,-21.9,1.6,3829,3887,-58,3858,10.47,0.96,10.05,11.64,40.2,42.0,1,2.44,0.098,MECHANICAL_JAM,STEP_CCW,50
11.71,74.8,-1.7,0.4,2.1,3925,3998,-73,3961,10.53,1.55,16.32,12.58,37.5,42.7,1,1.58,0.022,NOMINAL,STEP_CCW,98
9.75,62.3,-13.1,-13.1,0.2,4025,4018,7,4021,10.59,1.25,13.24,12.48,36.8,44.6,0,0.22,0.026,NOMINAL,HOLD,100
11.24,73.5,-4.4,-4.4,0.3,3950,3956,-6,3953,10.48,1.5,15.72,12.68,38.1,40.8,0,0.21,0.034,NOMINAL,HOLD,97
16.03,37.0,23.5,23.5,0.1,4026,4033,-7,4029,10.63,0.73,7.76,12.34,35.7,48.0,0,0.2,0.03,NOMINAL,HOLD,98
13.23,71.1,7.2,7.2,0.0,3985,3987,6,3986,10.39,1.44,14.96,12.1,55.4,35.7,0,0.24,0.037,THERMAL_OVERHEAT,HOLD,63
12.21,74.9,1.2,-1.0,2.2,3967,3895,72,3931,10.72,1.5,16.08,12.64,37.1,42.8,1,1.55,0.021,NOMINAL,STEP_CW,97
15.33,48.2,19.4,17.4,2.0,4000,4053,-53,4026,10.05,1.25,12.56,11.52,37.8,43.4,1,2.16,0.087,MECHANICAL_JAM,STEP_CCW,59
14.43,60.3,14.2,11.3,2.9,3975,3911,64,3943,10.5,1.25,13.12,12.52,36.1,44.5,1,1.51,0.035,NOMINAL,STEP_CW,95
15.9,39.1,22.8,18.9,3.9,4028,3944,84,3986,10.62,0.84,8.92,12.51,34.3,48.6,1,1.59,0.033,NOMINAL,STEP_CW,99
12.27,74.8,1.6,1.6,0.3,3943,3951,-8,3947,10.48,1.5,15.72,12.65,37.2,40.5,0,0.24,0.029,NOMINAL,HOLD,95
11.02,72.5,-5.7,-5.9,0.2,3761,3810,-49,3785,10.57,1.35,14.27,11.93,43.1,48.8,1,2.32,0.123,MECHANICAL_JAM,STEP_CCW,56
9.35,57.6,-15.5,-15.5,0.0,3879,3954,-10,3916,10.09,0.65,6.56,11.91,36.6,41.6,0,0.21,0.025,SOILED_PANEL,HOLD,70
15.72,42.2,21.7,21.7,0.2,3964,3965,-1,3964,10.69,0.9,9.62,12.45,35.4,44.7,0,0.19,0.027,NOMINAL,HOLD,97
7.77,33.5,-24.7,-24.7,0.0,3865,3809,7,3837,10.57,1.23,13.0,8.93,34.3,59.1,0,0.18,0.027,BATTERY_UNDERVOLTAGE,HOLD,65
10.21,66.9,-10.4,-10.4,0.1,3945,3946,-1,3945,10.5,1.39,14.59,12.54,38.0,44.8,0,0.21,0.034,NOMINAL,HOLD,95
8.74,49.2,-19.0,-19.0,0.3,3943,3955,-12,3949,10.68,0.98,10.47,12.55,35.4,47.2,0,0.2,0.032,NOMINAL,HOLD,97
10.41,68.6,-9.3,-12.1,2.8,4005,3968,37,3986,10.62,1.44,15.29,12.55,37.6,44.5,1,1.56,0.029,NOMINAL,STEP_CW,99
9.69,61.7,-13.4,-11.6,1.8,3954,4020,-66,3987,10.63,1.26,13.39,12.47,36.5,43.7,1,1.48,0.03,NOMINAL,STEP_CCW,99
12.31,74.7,1.8,1.8,0.1,3987,3981,6,3984,10.51,1.5,15.77,12.57,38.4,40.1,0,0.22,0.032,NOMINAL,HOLD,99
13.69,67.7,9.9,9.9,0.0,3958,3987,-1,3972,10.39,1.48,15.38,12.23,52.2,30.6,0,0.25,0.038,THERMAL_OVERHEAT,HOLD,64
13.36,70.3,7.9,7.9,0.2,3988,3984,4,3986,10.67,1.47,15.68,12.6,38.1,43.6,0,0.23,0.03,NOMINAL,HOLD,98
12.13,75.0,0.8,0.8,0.0,3837,3937,-1,3887,9.84,0.57,5.61,11.86,33.2,48.5,0,0.21,0.035,SOILED_PANEL,HOLD,66
15.22,50.0,18.8,22.7,3.9,3945,3974,-29,3959,10.72,1.05,11.26,12.41,36.6,46.4,1,1.5,0.026,NOMINAL,STEP_CCW,99
16.81,22.9,28.1,28.1,0.2,4000,3997,3,3998,10.66,0.47,5.01,12.31,34.6,49.5,0,0.19,0.023,NOMINAL,HOLD,96
16.43,30.0,25.8,25.8,0.0,3985,3858,1,3921,10.5,0.83,8.71,9.46,37.3,54.8,0,0.23,0.03,BATTERY_UNDERVOLTAGE,HOLD,75
14.83,55.4,16.5,12.5,4.0,3950,3872,78,3911,10.76,1.17,12.59,12.42,35.7,45.4,1,1.61,0.029,NOMINAL,STEP_CW,97
18.5,0.0,0.0,-0.2,0.2,263,358,-95,310,1.69,0.0,0.0,11.89,23.6,70.7,0,0.2,0.028,NIGHT_HOLD,PARK_ZERO,98
7.3,25.1,-27.4,-28.9,1.5,4004,3948,56,3976,10.72,0.54,5.79,12.39,34.6,47.9,1,1.49,0.025,NOMINAL,STEP_CW,95
9.54,59.9,-14.4,-16.0,1.6,4000,3938,62,3969,10.44,1.06,11.07,11.61,41.0,42.4,1,2.12,0.147,MECHANICAL_JAM,STEP_CW,60
6.51,10.0,-32.0,-32.0,0.2,3990,3985,5,3987,10.59,0.25,2.65,12.18,33.8,50.2,0,0.23,0.023,NOMINAL,HOLD,95
15.46,46.3,20.2,20.2,0.3,3943,3930,13,3936,10.49,0.95,9.97,12.47,35.3,45.0,0,0.18,0.029,NOMINAL,HOLD,100
11.53,74.4,-2.7,-2.7,0.0,3998,3845,12,3921,10.51,0.7,7.36,9.38,33.5,51.2,0,0.19,0.035,BATTERY_UNDERVOLTAGE,HOLD,68
9.47,59.2,-14.8,-12.2,2.6,3939,3986,-47,3962,10.49,1.25,13.11,12.59,37.2,45.2,1,1.53,0.026,NOMINAL,STEP_CCW,96
10.29,67.6,-10.0,-10.0,0.0,4002,3989,13,3995,10.72,1.42,15.22,12.65,38.4,43.2,0,0.22,0.034,NOMINAL,HOLD,95
9.4,58.3,-15.2,-15.2,0.2,3973,3970,3,3971,10.53,1.17,12.32,12.46,37.5,46.0,0,0.18,0.025,NOMINAL,HOLD,100
8.73,49.1,-19.1,-16.6,2.5,3963,4019,-56,3991,10.61,0.98,10.4,12.56,36.7,46.2,1,1.61,0.021,NOMINAL,STEP_CCW,96
5.5,0.0,0.0,-0.6,0.6,296,201,95,248,2.06,0.0,0.0,12.38,23.9,64.4,0,0.21,0.04,NIGHT_HOLD,PARK_ZERO,98
12.57,74.2,3.3,3.3,0.0,4007,3959,7,3983,10.25,1.28,13.12,11.83,55.7,36.6,0,0.22,0.033,THERMAL_OVERHEAT,HOLD,61
7.43,27.4,-26.7,-26.7,0.0,4009,3824,-2,3916,10.34,1.49,15.41,9.04,31.6,48.8,0,0.19,0.029,BATTERY_UNDERVOLTAGE,HOLD,66
16.46,29.5,26.0,23.3,2.7,3971,3913,58,3942,10.49,0.63,6.61,12.39,35.1,49.6,1,1.61,0.029,NOMINAL,STEP_CW,96
10.16,66.5,-10.7,-10.7,0.0,3932,3907,-7,3919,9.83,0.47,4.62,12.06,38.3,50.3,0,0.22,0.035,SOILED_PANEL,HOLD,75
16.12,35.4,24.0,24.0,0.3,4005,3992,13,3998,10.67,0.71,7.58,12.29,34.3,48.3,0,0.19,0.034,NOMINAL,HOLD,95
14.23,62.6,13.0,13.0,0.2,4027,4029,-2,4028,10.51,1.28,13.45,12.45,37.7,43.6,0,0.24,0.034,NOMINAL,HOLD,99
8.11,39.4,-22.7,-25.1,2.4,3998,3972,26,3985,10.5,0.84,8.82,12.35,35.4,46.1,1,1.56,0.022,NOMINAL,STEP_CW,98
13.76,67.2,10.2,10.2,0.1,3953,3953,0,3953,10.59,1.35,14.3,12.47,37.7,44.8,0,0.22,0.021,NOMINAL,HOLD,99
12.41,74.6,2.4,2.4,0.0,3916,3993,7,3954,10.25,0.55,5.64,11.83,37.5,43.5,0,0.23,0.031,SOILED_PANEL,HOLD,74
6.68,13.2,-31.0,-31.0,0.3,3982,3995,-13,3988,10.76,0.29,3.12,12.22,33.7,50.0,0,0.23,0.031,NOMINAL,HOLD,100
12.08,75.0,0.5,0.5,0.0,4017,4003,14,4010,10.69,1.54,16.46,12.63,38.3,41.1,0,0.2,0.027,NOMINAL,HOLD,99
17.09,17.8,29.7,28.1,1.6,4006,3939,67,3972,10.75,0.34,3.66,12.3,33.3,49.5,1,1.49,0.028,NOMINAL,STEP_CW,100
15.47,46.1,20.2,19.9,0.3,3936,3884,52,3910,10.2,1.17,11.93,11.51,37.2,48.2,1,2.6,0.115,MECHANICAL_JAM,STEP_CW,49
7.92,36.2,-23.8,-23.8,0.1,3944,3935,9,3939,10.63,0.76,8.08,12.29,35.2,47.9,0,0.23,0.032,NOMINAL,HOLD,97
19.0,0.0,0.0,0.8,0.8,419,264,155,341,1.89,0.0,0.0,11.85,26.4,61.6,0,0.21,0.021,NIGHT_HOLD,PARK_ZERO,98
8.35,43.2,-21.3,-19.4,1.9,3955,3993,-38,3974,10.55,0.86,9.07,12.44,35.4,45.8,1,1.6,0.022,NOMINAL,STEP_CCW,99
13.38,70.1,8.1,8.1,0.0,3962,3834,6,3898,10.47,1.08,11.31,9.07,33.1,58.0,0,0.23,0.024,BATTERY_UNDERVOLTAGE,HOLD,74
10.24,67.2,-10.3,-10.3,0.0,3981,3974,7,3977,10.7,1.4,14.98,12.64,36.7,44.8,0,0.19,0.026,NOMINAL,HOLD,99
14.68,57.3,15.6,15.6,0.0,3856,3977,-5,3916,9.58,0.56,5.36,11.95,32.8,52.9,0,0.25,0.022,SOILED_PANEL,HOLD,73
13.1,71.9,6.4,6.4,0.0,4012,4016,-2,4014,10.58,1.48,15.66,12.14,49.1,31.2,0,0.23,0.044,THERMAL_OVERHEAT,HOLD,68
8.06,38.5,-23.0,-24.4,1.4,3757,3722,35,3739,10.53,1.2,12.64,11.33,37.6,50.3,1,2.28,0.097,MECHANICAL_JAM,STEP_CW,46
11.19,73.3,-4.8,-4.8,0.0,3900,3878,-10,3889,9.56,0.51,4.88,11.66,34.6,41.6,0,0.24,0.027,SOILED_PANEL,HOLD,65
11.73,74.8,-1.5,-4.3,2.8,4004,3963,41,3983,10.57,1.5,15.86,12.62,38.9,40.6,1,1.54,0.033,NOMINAL,STEP_CW,95
14.7,57.1,15.7,15.7,0.0,3822,3809,9,3815,10.38,0.96,9.96,9.42,37.6,46.8,0,0.22,0.029,BATTERY_UNDERVOLTAGE,HOLD,65
15.68,42.7,21.5,20.0,1.5,3966,3917,49,3941,10.62,0.88,9.35,12.48,35.2,47.9,1,1.51,0.034,NOMINAL,STEP_CW,99
15.4,47.1,19.9,19.9,0.0,4014,4018,-4,4016,10.71,0.96,10.28,12.44,35.4,44.4,0,0.21,0.027,NOMINAL,HOLD,97
17.31,13.4,31.0,33.2,2.2,3948,3993,-45,3970,10.6,0.26,2.76,12.34,33.6,51.6,1,1.58,0.024,NOMINAL,STEP_CCW,99
14.75,56.4,16.0,16.0,0.0,3830,3821,10,3825,9.67,0.47,4.54,11.51,38.8,53.2,0,0.2,0.036,SOILED_PANEL,HOLD,67
12.95,72.7,5.5,7.2,1.7,3896,3966,-70,3931,10.72,1.53,16.4,12.51,37.5,41.6,1,1.57,0.023,NOMINAL,STEP_CCW,97
7.34,25.7,-27.2,-27.2,0.0,3852,3962,5,3907,10.41,1.24,12.91,9.48,32.3,49.3,0,0.21,0.032,BATTERY_UNDERVOLTAGE,HOLD,71
17.45,10.8,31.8,31.8,0.1,4028,4015,13,4021,10.54,0.22,2.32,12.29,32.7,52.4,0,0.24,0.03,NOMINAL,HOLD,96
7.93,36.3,-23.8,-27.8,4.0,3971,3900,71,3935,10.56,0.78,8.24,12.31,34.3,48.4,1,1.61,0.031,NOMINAL,STEP_CW,95
8.59,47.1,-19.9,-19.9,0.1,4022,4032,-10,4027,10.56,0.93,9.82,12.43,34.8,44.1,0,0.18,0.024,NOMINAL,HOLD,97
8.74,49.4,-19.0,-19.0,0.1,3961,3958,3,3959,10.59,1.03,10.91,12.5,35.3,44.1,0,0.23,0.025,NOMINAL,HOLD,98
14.47,59.9,14.4,14.4,0.0,3892,3943,5,3917,10.33,0.64,6.61,8.95,34.6,45.5,0,0.19,0.022,BATTERY_UNDERVOLTAGE,HOLD,78
13.87,66.2,10.9,10.9,0.3,3970,3967,3,3968,10.59,1.36,14.4,12.49,37.2,41.7,0,0.22,0.027,NOMINAL,HOLD,95
8.87,51.1,-18.3,-18.3,0.2,4012,4020,-8,4016,10.76,1.09,11.73,12.56,35.7,43.9,0,0.22,0.029,NOMINAL,HOLD,99
8.86,51.0,-18.3,-18.3,0.1,3994,4005,-11,3999,10.67,1.05,11.2,12.5,35.6,45.4,0,0.23,0.024,NOMINAL,HOLD,96
10.64,70.3,-8.0,-8.0,0.0,3862,4002,3,3932,10.63,1.04,11.06,9.12,37.5,49.0,0,0.19,0.034,BATTERY_UNDERVOLTAGE,HOLD,72
16.21,33.9,24.5,24.5,0.2,3971,3976,-5,3973,10.64,0.68,7.24,12.33,35.3,48.6,0,0.24,0.029,NOMINAL,HOLD,100
14.36,61.1,13.8,13.8,0.0,3954,4011,6,3982,9.68,0.42,4.07,11.54,32.6,40.8,0,0.21,0.038,SOILED_PANEL,HOLD,69
16.52,28.4,26.4,24.4,2.0,3991,3920,71,3955,10.76,0.62,6.67,12.36,33.5,46.3,1,1.5,0.03,NOMINAL,STEP_CW,95
11.19,73.3,-4.7,-4.7,0.0,3986,4002,11,3994,10.15,0.54,5.48,11.54,39.1,44.0,0,0.23,0.032,SOILED_PANEL,HOLD,72
12.2,74.9,1.2,1.2,0.2,4027,4030,-3,4028,10.69,1.55,16.57,12.57,38.0,40.8,0,0.19,0.03,NOMINAL,HOLD,98
15.29,48.9,19.2,22.7,3.5,3922,3955,-33,3938,10.55,0.99,10.44,12.55,36.2,46.7,1,1.51,0.033,NOMINAL,STEP_CCW,99
11.6,74.6,-2.3,-2.3,0.0,3888,4013,12,3950,10.28,0.71,7.3,9.53,37.2,58.0,0,0.18,0.023,BATTERY_UNDERVOLTAGE,HOLD,74
14.56,58.8,14.9,14.9,0.0,3950,3991,-1,3970,9.93,0.38,3.77,11.56,34.2,53.0,0,0.23,0.021,SOILED_PANEL,HOLD,75
8.04,38.2,-23.1,-23.7,0.6,3955,3897,58,3926,9.87,1.38,13.62,11.32,36.4,43.5,1,2.18,0.095,MECHANICAL_JAM,STEP_CW,48
16.66,25.7,27.2,29.7,2.5,3930,3967,-37,3948,10.65,0.55,5.86,12.25,33.3,48.2,1,1.49,0.022,NOMINAL,STEP_CCW,96
4.5,0.0,0.0,0.4,0.4,308,149,159,228,1.81,0.0,0.0,12.1,27.6,70.2,0,0.24,0.024,NIGHT_HOLD,PARK_ZERO,98
14.53,59.2,14.7,14.7,0.2,3988,3989,-1,3988,10.63,1.23,13.07,12.51,37.5,45.4,0,0.2,0.032,NOMINAL,HOLD,95
13.71,67.6,10.0,10.0,0.0,3845,3825,-10,3835,9.51,0.63,5.99,11.95,37.0,42.1,0,0.22,0.02,SOILED_PANEL,HOLD,72
8.35,43.2,-21.3,-21.3,0.0,3952,3873,-3,3912,10.26,1.34,13.75,9.39,35.6,50.5,0,0.24,0.034,BATTERY_UNDERVOLTAGE,HOLD,78
15.42,47.0,19.9,18.4,1.5,3977,3892,85,3934,10.64,0.95,10.11,12.51,35.9,47.0,1,1.58,0.032,NOMINAL,STEP_CW,96
7.81,34.1,-24.5,-24.5,0.1,4010,4013,-3,4011,10.58,0.69,7.3,12.47,34.2,45.6,0,0.2,0.034,NOMINAL,HOLD,100
6.78,15.2,-30.4,-26.6,3.8,3907,3965,-58,3936,10.52,0.29,3.05,12.28,32.3,50.4,1,1.53,0.021,NOMINAL,STEP_CCW,100
7.44,27.6,-26.6,-26.6,0.2,3969,3970,-1,3969,10.73,0.57,6.12,12.44,33.4,47.6,0,0.19,0.034,NOMINAL,HOLD,96
14.03,64.7,11.8,11.8,0.1,3976,3968,8,3972,10.49,1.29,13.53,12.52,38.0,45.2,0,0.18,0.028,NOMINAL,HOLD,100
11.16,73.2,-4.9,-8.0,3.1,4006,3957,49,3981,10.7,1.49,15.94,12.55,38.5,44.0,1,1.56,0.024,NOMINAL,STEP_CW,95
13.86,66.3,10.9,10.9,0.0,3918,3911,-12,3914,9.32,0.54,5.03,12.02,38.4,47.7,0,0.2,0.021,SOILED_PANEL,HOLD,73
12.59,74.1,3.5,3.5,0.1,3951,3941,10,3946,10.6,1.48,15.69,12.5,37.1,43.0,0,0.21,0.025,NOMINAL,HOLD,95
9.18,55.5,-16.4,-16.4,0.0,3984,3827,-2,3905,9.97,0.51,5.08,11.56,32.3,46.8,0,0.21,0.029,SOILED_PANEL,HOLD,65
16.69,25.3,27.3,27.3,0.0,4008,3873,-4,3940,10.68,1.45,15.49,9.29,31.6,51.0,0,0.19,0.024,BATTERY_UNDERVOLTAGE,HOLD,65
8.5,45.6,-20.4,-20.4,0.2,3997,4000,-3,3998,10.6,0.92,9.75,12.35,34.9,43.9,0,0.21,0.023,NOMINAL,HOLD,100
15.05,52.4,17.8,17.8,0.0,3996,3985,11,3990,10.72,1.11,11.9,12.47,35.5,44.4,0,0.24,0.021,NOMINAL,HOLD,96
14.19,63.0,12.8,12.8,0.0,3991,3997,-6,3994,10.5,1.33,13.96,12.56,36.1,41.9,0,0.2,0.022,NOMINAL,HOLD,98
13.83,66.5,10.7,10.7,0.1,4023,4037,-14,4030,10.54,1.39,14.65,12.57,38.0,43.4,0,0.2,0.03,NOMINAL,HOLD,100
9.47,59.1,-14.8,-14.8,0.1,3948,3940,8,3944,10.52,1.19,12.52,12.54,35.8,44.5,0,0.2,0.03,NOMINAL,HOLD,99
16.72,24.6,27.5,27.5,0.2,4021,4020,1,4020,10.49,0.5,5.25,12.32,33.2,48.4,0,0.19,0.029,NOMINAL,HOLD,100
11.11,73.0,-5.2,-5.2,0.0,3897,3825,-11,3861,10.31,0.79,8.14,8.85,33.8,49.0,0,0.19,0.023,BATTERY_UNDERVOLTAGE,HOLD,70
8.82,50.5,-18.5,-18.5,0.2,4016,4012,4,4014,10.64,1.01,10.75,12.49,36.7,43.5,0,0.2,0.032,NOMINAL,HOLD,97
11.58,74.6,-2.4,-2.4,0.0,3969,3835,-12,3902,9.44,0.37,3.49,11.77,39.2,52.7,0,0.21,0.028,SOILED_PANEL,HOLD,75
12.99,72.5,5.8,5.8,0.0,3807,3961,9,3884,9.89,0.38,3.76,12.14,39.5,54.2,0,0.24,0.025,SOILED_PANEL,HOLD,72
13.27,70.9,7.4,7.4,0.2,4014,4004,10,4009,10.51,1.42,14.92,12.67,38.6,43.5,0,0.21,0.028,NOMINAL,HOLD,100
9.69,61.7,-13.5,-13.5,0.0,3949,3937,12,3943,10.75,1.3,13.97,12.49,36.2,44.8,0,0.24,0.027,NOMINAL,HOLD,97
14.61,58.1,15.2,15.2,0.3,3987,3985,2,3986,10.47,1.17,12.25,12.57,36.2,42.4,0,0.21,0.027,NOMINAL,HOLD,98
15.62,43.8,21.1,21.1,0.1,3950,3946,4,3948,10.59,0.92,9.74,12.47,36.4,46.2,0,0.2,0.027,NOMINAL,HOLD,99
9.32,57.3,-15.6,-14.4,1.2,3937,3874,63,3905,10.38,1.1,11.42,11.95,41.4,50.5,1,2.47,0.084,MECHANICAL_JAM,STEP_CW,46
9.02,53.3,-17.4,-17.4,0.3,4014,4026,-12,4020,10.58,1.06,11.21,12.56,36.6,43.6,0,0.21,0.024,NOMINAL,HOLD,100
8.97,52.6,-17.7,-20.1,2.4,4008,3933,75,3970,10.73,1.09,11.7,12.51,35.6,45.6,1,1.56,0.033,NOMINAL,STEP_CW,98
9.61,60.8,-13.9,-13.9,0.1,3973,3980,-7,3976,10.6,1.23,13.04,12.53,36.2,43.7,0,0.24,0.022,NOMINAL,HOLD,97
9.85,63.5,-12.5,-12.5,0.0,3891,3948,12,3919,9.47,0.57,5.4,11.62,36.4,40.0,0,0.25,0.039,SOILED_PANEL,HOLD,74
12.28,74.8,1.6,1.8,0.2,3923,3863,60,3893,9.91,1.03,10.21,11.58,43.9,49.5,1,2.34,0.12,MECHANICAL_JAM,STEP_CW,58
5.5,0.0,0.0,-0.8,0.8,117,189,-72,153,2.5,0.0,0.0,11.6,27.4,74.9,0,0.19,0.033,NIGHT_HOLD,PARK_ZERO,98
13.54,69.0,9.0,9.0,0.2,3992,4000,-8,3996,10.53,1.43,15.06,12.65,37.2,44.7,0,0.19,0.021,NOMINAL,HOLD,97
12.11,75.0,0.6,0.6,0.0,3902,3885,9,3893,10.62,0.52,5.52,8.97,37.3,49.2,0,0.2,0.023,BATTERY_UNDERVOLTAGE,HOLD,66
11.22,73.4,-4.6,-4.6,0.3,3977,3969,8,3973,10.71,1.5,16.07,12.66,37.8,43.2,0,0.2,0.033,NOMINAL,HOLD,100
4.5,0.0,0.0,-0.7,0.7,212,384,-172,298,1.35,0.0,0.0,12.18,25.8,65.9,0,0.24,0.035,NIGHT_HOLD,PARK_ZERO,98
11.58,74.5,-2.5,-2.5,0.0,3996,4008,-12,4002,10.63,1.57,16.69,12.66,38.6,42.6,0,0.2,0.034,NOMINAL,HOLD,100
12.8,73.4,4.6,4.6,0.0,4004,4028,7,4016,10.41,1.47,15.3,12.22,53.1,35.0,0,0.23,0.036,THERMAL_OVERHEAT,HOLD,63
12.94,72.8,5.5,5.5,0.0,3961,3991,0,3976,10.39,1.49,15.48,12.28,49.3,29.2,0,0.21,0.042,THERMAL_OVERHEAT,HOLD,57
20.0,0.0,0.0,1.0,1.0,206,436,-230,321,2.32,0.0,0.0,12.3,22.3,57.3,0,0.21,0.028,NIGHT_HOLD,PARK_ZERO,98
9.0,53.0,-17.5,-17.5,0.2,3990,3987,3,3988,10.56,1.08,11.4,12.52,35.5,45.0,0,0.19,0.024,NOMINAL,HOLD,97
10.67,70.5,-7.8,-7.8,0.0,4023,4017,6,4020,10.71,1.43,15.32,12.67,37.1,40.8,0,0.21,0.034,NOMINAL,HOLD,98
9.51,59.7,-14.5,-10.8,3.7,3959,4005,-46,3982,10.59,1.21,12.81,12.51,36.1,45.3,1,1.54,0.034,NOMINAL,STEP_CCW,97
10.51,69.3,-8.7,-11.0,2.3,3953,3870,83,3911,10.7,1.41,15.09,12.53,37.0,43.9,1,1.56,0.032,NOMINAL,STEP_CW,95
9.17,55.3,-16.5,-18.6,2.1,3998,3947,51,3972,10.73,1.11,11.91,12.48,36.8,42.8,1,1.59,0.026,NOMINAL,STEP_CW,97
10.32,67.8,-9.8,-8.3,1.5,3978,4004,-26,3991,10.53,1.37,14.43,12.52,38.4,44.1,1,1.5,0.026,NOMINAL,STEP_CCW,98
11.71,74.8,-1.7,-1.7,0.2,3948,3943,5,3945,10.5,1.51,15.86,12.64,37.2,41.5,0,0.2,0.035,NOMINAL,HOLD,99
9.26,56.6,-16.0,-19.1,3.1,3950,3921,29,3935,10.76,1.12,12.05,12.5,36.6,44.0,1,1.59,0.031,NOMINAL,STEP_CW,99
14.25,62.4,13.1,13.1,0.0,3844,3947,7,3895,10.17,0.48,4.88,12.14,39.2,54.0,0,0.21,0.023,SOILED_PANEL,HOLD,73
9.39,58.2,-15.2,-15.2,0.2,3958,3970,-12,3964,10.75,1.16,12.47,12.52,36.1,45.3,0,0.22,0.027,NOMINAL,HOLD,96
14.16,63.3,12.6,8.9,3.7,3956,3896,60,3926,10.58,1.32,13.97,12.47,38.0,45.3,1,1.54,0.023,NOMINAL,STEP_CW,96
12.34,74.7,2.0,2.0,0.0,3992,3859,4,3925,9.56,0.44,4.21,12.04,39.8,44.0,0,0.2,0.039,SOILED_PANEL,HOLD,66
10.67,70.5,-7.7,-7.7,0.0,3966,3919,-5,3942,10.57,1.37,14.48,9.65,30.6,47.1,0,0.19,0.039,BATTERY_UNDERVOLTAGE,HOLD,72
12.37,74.6,2.2,2.2,0.0,3995,3988,8,3991,10.69,1.18,12.61,9.42,36.5,46.3,0,0.21,0.035,BATTERY_UNDERVOLTAGE,HOLD,77
13.32,70.6,7.7,8.7,1.0,3715,3677,38,3696,9.95,1.32,13.13,11.63,41.5,50.2,1,2.59,0.105,MECHANICAL_JAM,STEP_CW,45
7.17,22.6,-28.2,-31.2,3.0,3981,3931,50,3956,10.55,0.48,5.06,12.26,33.6,51.0,1,1.6,0.035,NOMINAL,STEP_CW,97
12.03,75.0,0.2,0.2,0.2,3982,3989,-7,3985,10.73,1.5,16.09,12.67,38.7,43.2,0,0.23,0.031,NOMINAL,HOLD,99
20.0,0.0,0.0,-0.1,0.1,338,226,112,282,1.29,0.0,0.0,11.56,24.5,74.8,0,0.2,0.025,NIGHT_HOLD,PARK_ZERO,98
10.45,68.9,-9.0,-9.0,0.0,3966,3963,3,3964,10.73,1.43,15.34,12.56,37.8,42.6,0,0.23,0.032,NOMINAL,HOLD,95
19.0,0.0,0.0,-0.5,0.5,385,143,242,264,0.37,0.0,0.0,11.91,25.0,68.2,0,0.23,0.035,NIGHT_HOLD,PARK_ZERO,98
12.75,73.6,4.4,4.4,0.2,3959,3957,2,3958,10.7,1.52,16.26,12.55,38.9,42.1,0,0.23,0.031,NOMINAL,HOLD,98
14.04,64.6,11.9,11.9,0.0,3974,3835,-4,3904,9.61,0.36,3.46,11.47,37.8,49.0,0,0.24,0.028,SOILED_PANEL,HOLD,66
9.79,62.8,-12.9,-12.9,0.0,3852,4012,5,3932,9.91,0.56,5.55,11.53,33.9,48.5,0,0.21,0.04,SOILED_PANEL,HOLD,72
12.0,75.0,-0.0,-0.0,0.2,4012,3998,14,4005,10.52,1.57,16.52,12.68,38.4,42.2,0,0.19,0.023,NOMINAL,HOLD,96
13.9,65.9,11.1,11.1,0.0,3803,3847,-5,3825,9.39,0.35,3.29,11.45,36.2,46.9,0,0.22,0.021,SOILED_PANEL,HOLD,62
13.45,69.7,8.4,8.4,0.2,4026,4015,11,4020,10.59,1.39,14.72,12.49,37.2,42.2,0,0.21,0.032,NOMINAL,HOLD,97
18.5,0.0,0.0,0.8,0.8,228,243,-15,235,1.62,0.0,0.0,12.08,22.5,65.2,0,0.18,0.03,NIGHT_HOLD,PARK_ZERO,98
14.76,56.2,16.1,19.2,3.1,3917,3990,-73,3953,10.73,1.16,12.45,12.57,37.1,42.6,1,1.52,0.023,NOMINAL,STEP_CCW,95
14.77,56.2,16.1,17.6,1.5,3952,3985,-33,3968,10.76,1.16,12.48,12.49,35.6,42.6,1,1.61,0.03,NOMINAL,STEP_CCW,98
16.37,31.1,25.5,25.5,0.1,3941,3953,-12,3947,10.59,0.63,6.67,12.44,34.9,48.7,0,0.23,0.033,NOMINAL,HOLD,96
6.52,10.1,-32.0,-32.0,0.1,4018,4020,-2,4019,10.74,0.19,2.04,12.28,31.9,51.1,0,0.23,0.026,NOMINAL,HOLD,99
11.23,73.5,-4.5,-4.5,0.1,3988,3998,-10,3993,10.64,1.52,16.17,12.52,38.1,43.3,0,0.21,0.028,NOMINAL,HOLD,99
12.61,74.0,3.6,6.5,2.9,3962,4017,-55,3989,10.67,1.52,16.22,12.62,37.7,41.6,1,1.62,0.029,NOMINAL,STEP_CCW,96
14.53,59.1,14.8,14.8,0.0,4022,4008,2,4015,10.11,1.38,13.95,11.88,55.6,29.3,0,0.25,0.045,THERMAL_OVERHEAT,HOLD,60
17.1,17.6,29.7,29.7,0.2,3963,3950,13,3956,10.56,0.33,3.48,12.36,33.9,51.6,0,0.2,0.029,NOMINAL,HOLD,96
15.12,51.3,18.2,18.2,0.2,3998,4009,-11,4003,10.56,1.02,10.77,12.52,36.1,44.7,0,0.21,0.023,NOMINAL,HOLD,95
13.04,72.2,6.1,6.1,0.0,4013,3965,5,3989,9.36,0.38,3.56,11.97,35.2,42.1,0,0.21,0.023,SOILED_PANEL,HOLD,71
10.18,66.6,-10.6,-10.6,0.1,4030,4019,11,4024,10.74,1.35,14.5,12.6,36.9,41.6,0,0.23,0.032,NOMINAL,HOLD,97
10.6,70.0,-8.2,-9.8,1.6,4014,3961,53,3987,10.72,1.41,15.12,12.64,37.3,44.0,1,1.5,0.031,NOMINAL,STEP_CW,95
7.05,20.3,-28.9,-28.9,0.1,3983,3975,8,3979,10.76,0.41,4.41,12.25,32.9,50.7,0,0.2,0.027,NOMINAL,HOLD,96
16.61,26.6,26.9,26.9,0.3,3975,3961,14,3968,10.5,0.55,5.78,12.43,34.8,47.2,0,0.18,0.03,NOMINAL,HOLD,100
7.49,28.5,-26.3,-24.6,1.7,3993,4019,-26,4006,10.71,0.58,6.21,12.35,33.4,47.6,1,1.61,0.028,NOMINAL,STEP_CCW,100
7.15,22.2,-28.3,-28.3,0.1,4018,4032,-14,4025,10.61,0.48,5.09,12.41,34.1,48.3,0,0.19,0.026,NOMINAL,HOLD,100
14.68,57.3,15.6,15.6,0.2,3996,3985,11,3990,10.64,1.15,12.24,12.41,35.7,44.1,0,0.18,0.025,NOMINAL,HOLD,95
20.0,0.0,0.0,-0.5,0.5,438,414,24,426,0.22,0.0,0.0,11.95,26.7,66.2,0,0.2,0.026,NIGHT_HOLD,PARK_ZERO,98
8.05,38.3,-23.0,-23.0,0.1,4011,4007,4,4009,10.73,0.78,8.37,12.33,34.6,48.7,0,0.21,0.031,NOMINAL,HOLD,98
7.47,28.1,-26.4,-26.4,0.2,4000,4010,-10,4005,10.56,0.58,6.12,12.29,34.8,49.3,0,0.19,0.021,NOMINAL,HOLD,97
19.0,0.0,0.0,0.5,0.5,419,392,27,405,1.01,0.0,0.0,12.12,22.4,72.8,0,0.19,0.038,NIGHT_HOLD,PARK_ZERO,98
10.46,69.0,-9.0,-9.0,0.2,3970,3958,12,3964,10.75,1.41,15.16,12.48,38.2,44.7,0,0.2,0.027,NOMINAL,HOLD,100
8.63,47.7,-19.7,-19.7,0.3,3978,3984,-6,3981,10.62,0.98,10.41,12.55,35.4,44.6,0,0.24,0.034,NOMINAL,HOLD,100
9.78,62.7,-13.0,-10.1,2.9,3928,3992,-64,3960,10.71,1.32,14.14,12.58,36.8,43.4,1,1.49,0.025,NOMINAL,STEP_CCW,95
13.19,71.4,6.9,6.9,0.0,3976,4022,-5,3999,10.46,1.2,12.55,11.82,55.6,37.0,0,0.22,0.031,THERMAL_OVERHEAT,HOLD,65
14.54,59.1,14.8,14.8,0.2,3969,3955,14,3962,10.5,1.18,12.39,12.57,37.6,42.5,0,0.19,0.035,NOMINAL,HOLD,95
13.83,66.5,10.7,10.7,0.0,3980,3913,9,3946,9.63,0.59,5.68,11.54,37.1,46.1,0,0.23,0.038,SOILED_PANEL,HOLD,67
16.75,24.0,27.7,27.7,0.0,3940,3949,-9,3944,10.67,0.47,5.01,12.41,34.5,50.4,0,0.23,0.025,NOMINAL,HOLD,95
20.0,0.0,0.0,0.5,0.5,438,105,333,271,0.2,0.0,0.0,11.6,23.3,69.4,0,0.19,0.038,NIGHT_HOLD,PARK_ZERO,98
13.7,67.7,9.9,9.9,0.1,4019,4013,6,4016,10.6,1.35,14.31,12.63,36.6,42.7,0,0.2,0.023,NOMINAL,HOLD,96
12.56,74.2,3.3,6.6,3.3,3948,3996,-48,3972,10.74,1.53,16.43,12.66,37.0,44.0,1,1.57,0.024,NOMINAL,STEP_CCW,100
17.17,16.2,30.1,28.6,1.5,4024,3954,70,3989,10.55,0.3,3.17,12.19,32.7,48.0,1,1.5,0.029,NOMINAL,STEP_CW,97
4.5,0.0,0.0,-0.4,0.4,394,128,266,261,2.39,0.0,0.0,12.39,24.0,67.3,0,0.23,0.039,NIGHT_HOLD,PARK_ZERO,98
14.6,58.3,15.2,15.2,0.0,3862,3895,6,3878,10.48,0.65,6.81,9.16,30.6,45.9,0,0.24,0.031,BATTERY_UNDERVOLTAGE,HOLD,74
5.5,0.0,0.0,-0.2,0.2,299,360,-61,329,0.15,0.0,0.0,11.99,26.3,64.6,0,0.18,0.034,NIGHT_HOLD,PARK_ZERO,98
11.83,74.9,-1.0,-2.6,1.6,3991,3955,36,3973,10.48,1.05,11.0,11.76,43.9,50.6,1,2.11,0.107,MECHANICAL_JAM,STEP_CW,59
14.54,59.0,14.8,14.8,0.0,3970,3992,0,3981,10.1,1.25,12.62,12.01,49.1,32.9,0,0.26,0.036,THERMAL_OVERHEAT,HOLD,57
8.52,46.0,-20.3,-20.3,0.2,4014,4023,-9,4018,10.53,0.98,10.32,12.49,35.0,47.0,0,0.18,0.025,NOMINAL,HOLD,95
5.5,0.0,0.0,0.1,0.1,409,295,114,352,2.1,0.0,0.0,11.54,23.5,67.7,0,0.24,0.031,NIGHT_HOLD,PARK_ZERO,98
9.29,56.9,-15.8,-15.8,0.3,3951,3962,-11,3956,10.6,1.19,12.61,12.53,35.6,46.0,0,0.2,0.025,NOMINAL,HOLD,98
15.76,41.4,22.0,22.0,0.0,3944,3942,10,3943,10.69,0.95,10.16,9.66,36.9,46.3,0,0.22,0.032,BATTERY_UNDERVOLTAGE,HOLD,71
10.95,72.2,-6.1,-6.1,0.0,3859,4015,-8,3937,10.41,1.3,13.53,8.98,30.1,55.4,0,0.21,0.027,BATTERY_UNDERVOLTAGE,HOLD,67
20.0,0.0,0.0,1.0,1.0,92,435,-343,263,1.49,0.0,0.0,11.5,24.7,56.8,0,0.2,0.023,NIGHT_HOLD,PARK_ZERO,98
12.56,74.2,3.3,3.3,0.1,3952,3961,-9,3956,10.65,1.54,16.4,12.51,38.7,42.2,0,0.22,0.022,NOMINAL,HOLD,99
14.45,60.1,14.3,14.3,0.2,3953,3954,-1,3953,10.62,1.21,12.85,12.49,36.9,42.3,0,0.23,0.029,NOMINAL,HOLD,97
11.6,74.6,-2.3,-0.4,1.9,3921,3962,-41,3941,10.63,1.55,16.48,12.65,38.5,43.7,1,1.53,0.027,NOMINAL,STEP_CCW,100
8.88,51.3,-18.2,-18.2,0.1,4005,4015,-10,4010,10.61,1.03,10.93,12.48,35.8,46.7,0,0.23,0.033,NOMINAL,HOLD,100
12.08,75.0,0.5,0.5,0.0,3843,3984,12,3913,9.72,0.35,3.4,11.54,33.7,44.4,0,0.21,0.039,SOILED_PANEL,HOLD,65
14.67,57.4,15.6,15.6,0.0,3815,3864,-10,3839,9.51,0.52,4.95,11.62,33.7,42.0,0,0.24,0.03,SOILED_PANEL,HOLD,63
19.0,0.0,0.0,0.2,0.2,443,180,263,311,1.75,0.0,0.0,12.11,26.4,69.7,0,0.19,0.033,NIGHT_HOLD,PARK_ZERO,98
9.55,60.1,-14.3,-16.2,1.9,3966,3886,80,3926,10.6,1.22,12.93,12.61,37.2,42.4,1,1.5,0.026,NOMINAL,STEP_CW,96
18.5,0.0,0.0,0.0,0.0,293,251,42,272,2.22,0.0,0.0,11.87,24.4,55.1,0,0.24,0.021,NIGHT_HOLD,PARK_ZERO,98
13.04,72.2,6.1,8.7,2.6,3939,3995,-56,3967,10.65,1.49,15.87,12.53,38.3,43.1,1,1.54,0.03,NOMINAL,STEP_CCW,99
13.1,71.9,6.4,6.4,0.0,4008,3975,11,3991,9.28,0.45,4.18,12.09,32.3,54.2,0,0.23,0.039,SOILED_PANEL,HOLD,65
13.71,67.6,10.0,10.0,0.0,3867,3863,11,3865,9.8,0.45,4.41,11.9,35.1,42.3,0,0.2,0.037,SOILED_PANEL,HOLD,63
6.65,12.8,-31.2,-31.2,0.1,3987,3973,14,3980,10.6,0.3,3.18,12.25,33.9,51.8,0,0.24,0.021,NOMINAL,HOLD,96
16.73,24.5,27.6,27.6,0.2,3986,3988,-2,3987,10.56,0.49,5.17,12.38,33.5,49.4,0,0.2,0.027,NOMINAL,HOLD,98
12.59,74.1,3.4,3.4,0.0,3989,4027,-4,4008,10.46,1.37,14.33,12.01,51.1,34.0,0,0.21,0.034,THERMAL_OVERHEAT,HOLD,68
9.81,63.0,-12.8,-12.8,0.0,4013,3830,-10,3921,9.53,0.4,3.81,11.57,35.3,42.1,0,0.24,0.027,SOILED_PANEL,HOLD,72
10.03,65.2,-11.5,-11.5,0.0,4005,4003,2,4004,10.76,1.34,14.42,12.55,38.2,45.1,0,0.22,0.029,NOMINAL,HOLD,100
10.98,72.4,-5.9,-5.9,0.2,3950,3938,12,3944,10.64,1.48,15.75,12.53,37.9,43.6,0,0.22,0.033,NOMINAL,HOLD,100
17.38,12.1,31.4,35.0,3.6,3922,3996,-74,3959,10.58,0.23,2.43,12.21,33.9,52.2,1,1.57,0.021,NOMINAL,STEP_CCW,100
8.63,47.6,-19.7,-17.4,2.3,3714,3748,-34,3731,10.1,1.26,12.73,11.5,39.7,49.3,1,2.6,0.119,MECHANICAL_JAM,STEP_CCW,53
15.26,49.4,19.0,19.0,0.2,3974,3965,9,3969,10.75,1.05,11.29,12.43,35.3,47.3,0,0.22,0.027,NOMINAL,HOLD,99
15.93,38.7,22.9,22.9,0.3,4004,3999,5,4001,10.71,0.79,8.46,12.49,34.3,45.5,0,0.2,0.024,NOMINAL,HOLD,95
16.49,28.9,26.2,26.2,0.3,3979,3974,5,3976,10.71,0.57,6.1,12.33,33.6,49.3,0,0.21,0.026,NOMINAL,HOLD,98
14.53,59.1,14.8,14.8,0.0,3973,3964,-3,3968,10.11,1.46,14.76,11.97,50.7,35.8,0,0.24,0.032,THERMAL_OVERHEAT,HOLD,57
14.8,55.7,16.3,16.3,0.0,3986,3956,-2,3971,10.43,1.38,14.39,11.95,55.3,37.4,0,0.25,0.036,THERMAL_OVERHEAT,HOLD,60
8.85,50.9,-18.4,-21.0,2.6,3978,3926,52,3952,10.61,1.01,10.72,12.55,36.9,43.3,1,1.57,0.03,NOMINAL,STEP_CW,100
14.64,57.8,15.4,15.4,0.0,4010,3891,-7,3950,9.36,0.39,3.65,11.69,36.4,41.4,0,0.25,0.026,SOILED_PANEL,HOLD,64
14.53,59.2,14.7,15.8,1.1,3832,3870,-38,3851,10.01,1.24,12.41,11.91,40.0,43.1,1,2.21,0.148,MECHANICAL_JAM,STEP_CCW,45
11.02,72.5,-5.7,-5.7,0.2,3968,3978,-10,3973,10.61,1.46,15.49,12.57,38.2,42.0,0,0.23,0.023,NOMINAL,HOLD,95
14.47,59.9,14.4,14.4,0.0,3965,4011,-11,3988,10.22,0.57,5.83,11.69,33.2,46.6,0,0.23,0.02,SOILED_PANEL,HOLD,67
12.19,74.9,1.1,1.1,0.0,3811,3809,-15,3810,10.66,0.98,10.45,9.48,35.8,46.0,0,0.19,0.029,BATTERY_UNDERVOLTAGE,HOLD,78
7.82,34.4,-24.4,-24.4,0.1,4028,4024,4,4026,10.7,0.68,7.28,12.36,35.4,48.2,0,0.23,0.027,NOMINAL,HOLD,96
8.68,48.5,-19.3,-19.3,0.2,4030,4033,-3,4031,10.7,0.97,10.38,12.5,36.1,44.3,0,0.19,0.031,NOMINAL,HOLD,98
10.28,67.6,-10.0,-13.9,3.9,3977,3929,48,3953,10.51,1.36,14.29,12.6,38.0,41.9,1,1.61,0.029,NOMINAL,STEP_CW,99
8.42,44.4,-20.9,-20.9,0.3,4028,4020,8,4024,10.7,0.89,9.52,12.41,34.8,45.8,0,0.23,0.021,NOMINAL,HOLD,97
11.66,74.7,-2.0,-2.0,0.0,3945,3945,0,3945,10.59,1.53,16.2,12.69,38.5,43.3,0,0.21,0.032,NOMINAL,HOLD,96
12.3,74.8,1.7,1.7,0.0,4012,3965,-6,3988,10.3,1.31,13.49,12.31,54.8,33.5,0,0.25,0.041,THERMAL_OVERHEAT,HOLD,63
8.51,45.8,-20.3,-20.3,0.3,4020,4013,7,4016,10.68,0.92,9.83,12.52,36.2,45.8,0,0.21,0.025,NOMINAL,HOLD,97
10.26,67.3,-10.2,-10.2,0.0,3855,3976,-8,3915,9.36,0.41,3.84,11.97,32.1,41.6,0,0.23,0.025,SOILED_PANEL,HOLD,64
16.9,21.2,28.6,28.6,0.0,4019,3989,3,4004,10.28,1.32,13.57,9.79,35.1,47.8,0,0.22,0.027,BATTERY_UNDERVOLTAGE,HOLD,65
14.46,59.9,14.4,14.4,0.0,4029,3993,-4,4011,10.29,1.21,12.45,12.03,54.8,34.4,0,0.24,0.047,THERMAL_OVERHEAT,HOLD,58
5.5,0.0,0.0,0.1,0.1,219,283,-64,251,1.71,0.0,0.0,11.94,22.6,59.7,0,0.21,0.026,NIGHT_HOLD,PARK_ZERO,98
16.95,20.4,28.9,25.8,3.1,3969,3923,46,3946,10.67,0.4,4.27,12.29,33.4,47.5,1,1.48,0.032,NOMINAL,STEP_CW,100
13.71,67.6,10.0,10.0,0.0,4010,3996,2,4003,10.13,1.42,14.38,12.27,49.3,31.2,0,0.23,0.046,THERMAL_OVERHEAT,HOLD,65
10.55,69.7,-8.5,-8.5,0.2,3949,3961,-12,3955,10.75,1.42,15.26,12.56,36.6,44.4,0,0.21,0.021,NOMINAL,HOLD,100
14.95,53.7,17.2,17.2,0.0,4025,3991,4,4008,10.37,1.31,13.58,11.91,52.3,28.0,0,0.21,0.035,THERMAL_OVERHEAT,HOLD,61
13.83,66.5,10.7,10.7,0.3,3952,3951,1,3951,10.67,1.34,14.3,12.47,36.7,42.1,0,0.19,0.031,NOMINAL,HOLD,99
12.35,74.7,2.1,2.1,0.1,4006,4002,4,4004,10.49,1.53,16.05,12.68,37.4,43.2,0,0.21,0.035,NOMINAL,HOLD,96
12.91,72.9,5.3,5.3,0.0,3972,3995,-12,3983,9.71,0.47,4.56,11.86,36.2,49.3,0,0.23,0.028,SOILED_PANEL,HOLD,65
16.8,23.3,28.0,31.2,3.2,3961,3989,-28,3975,10.65,0.49,5.22,12.3,33.5,47.0,1,1.51,0.028,NOMINAL,STEP_CCW,100
13.51,69.2,8.8,8.8,0.0,3960,3973,-13,3966,10.49,1.45,15.21,12.62,37.5,42.3,0,0.19,0.035,NOMINAL,HOLD,99
15.29,48.8,19.2,19.2,0.0,3940,3953,-13,3946,10.76,1.0,10.76,12.42,36.0,46.5,0,0.19,0.027,NOMINAL,HOLD,97
13.02,72.3,6.0,9.7,3.7,3923,4003,-80,3963,10.59,1.47,15.57,12.62,36.9,43.8,1,1.59,0.02,NOMINAL,STEP_CCW,98
10.52,69.4,-8.6,-10.6,2.0,3839,3902,-63,3870,10.25,1.21,12.4,11.97,39.5,43.1,1,2.45,0.126,MECHANICAL_JAM,STEP_CCW,49
10.68,70.6,-7.7,-7.7,0.0,4015,4018,-3,4016,10.47,1.44,15.08,12.5,37.7,42.4,0,0.21,0.03,NOMINAL,HOLD,98
16.87,21.8,28.4,28.4,0.0,4018,3880,4,3949,10.34,1.02,10.55,9.65,36.7,56.5,0,0.22,0.027,BATTERY_UNDERVOLTAGE,HOLD,69
11.28,73.7,-4.2,-4.2,0.1,3977,3983,-6,3980,10.56,1.49,15.73,12.51,38.7,42.6,0,0.22,0.026,NOMINAL,HOLD,99
14.78,56.0,16.2,16.2,0.2,3973,3960,13,3966,10.61,1.13,11.99,12.57,37.2,43.6,0,0.2,0.028,NOMINAL,HOLD,100
14.2,62.9,12.8,12.8,0.1,3982,3978,4,3980,10.51,1.31,13.77,12.58,36.5,43.9,0,0.21,0.032,NOMINAL,HOLD,100
12.25,74.8,1.4,3.6,2.2,3900,3970,-70,3935,10.47,1.57,16.44,12.61,37.2,42.8,1,1.49,0.022,NOMINAL,STEP_CCW,98
11.77,74.9,-1.4,-1.4,0.3,3964,3967,-3,3965,10.68,1.53,16.34,12.57,38.6,40.5,0,0.2,0.032,NOMINAL,HOLD,95
8.34,43.2,-21.3,-22.9,1.6,3732,3778,-46,3755,9.92,1.21,12.0,11.65,42.6,43.4,1,2.51,0.105,MECHANICAL_JAM,STEP_CCW,49
8.74,49.4,-19.0,-16.7,2.3,3935,3995,-60,3965,10.65,0.99,10.54,12.48,36.2,46.8,1,1.55,0.034,NOMINAL,STEP_CCW,99
17.18,16.0,30.2,30.2,0.2,3948,3956,-8,3952,10.58,0.31,3.28,12.24,32.9,49.4,0,0.2,0.021,NOMINAL,HOLD,96
12.56,74.2,3.3,3.3,0.1,3963,3949,14,3956,10.59,1.56,16.52,12.64,37.0,41.1,0,0.19,0.025,NOMINAL,HOLD,97
11.25,73.6,-4.4,-3.3,1.1,3930,3901,29,3915,10.37,1.11,11.51,11.79,41.4,48.6,1,2.53,0.118,MECHANICAL_JAM,STEP_CW,45
19.0,0.0,0.0,0.4,0.4,152,371,-219,261,2.15,0.0,0.0,11.84,25.5,56.0,0,0.23,0.033,NIGHT_HOLD,PARK_ZERO,98
17.2,15.7,30.3,30.3,0.1,3973,3973,0,3973,10.48,0.3,3.14,12.25,32.6,50.1,0,0.19,0.032,NOMINAL,HOLD,97
8.3,42.4,-21.6,-24.6,3.0,4004,3961,43,3982,10.52,0.89,9.36,12.47,35.9,47.4,1,1.53,0.023,NOMINAL,STEP_CW,96
8.19,40.6,-22.2,-23.7,1.5,3967,3940,27,3953,10.64,0.8,8.51,12.36,34.3,44.7,1,1.53,0.023,NOMINAL,STEP_CW,98
7.24,24.0,-27.7,-27.7,0.2,3998,3999,-1,3998,10.71,0.49,5.25,12.31,34.5,49.2,0,0.2,0.025,NOMINAL,HOLD,97
13.99,65.1,11.6,9.3,2.3,3740,3689,51,3714,10.55,0.99,10.44,11.38,40.7,49.7,1,2.55,0.092,MECHANICAL_JAM,STEP_CW,45
13.73,67.4,10.1,13.3,3.2,3976,3940,36,3958,10.04,0.93,9.34,11.98,40.7,49.4,1,2.65,0.134,MECHANICAL_JAM,STEP_CW,47
8.29,42.4,-21.6,-21.6,0.2,3946,3951,-5,3948,10.49,0.9,9.44,12.47,36.2,45.4,0,0.23,0.033,NOMINAL,HOLD,98
17.04,18.6,29.4,26.7,2.7,4013,3947,66,3980,10.55,0.35,3.69,12.36,33.7,51.0,1,1.52,0.034,NOMINAL,STEP_CW,95
13.92,65.7,11.2,11.2,0.0,3979,4018,4,3998,10.18,1.4,14.25,12.18,51.4,36.7,0,0.2,0.033,THERMAL_OVERHEAT,HOLD,64
4.5,0.0,0.0,0.6,0.6,255,277,-22,266,0.99,0.0,0.0,11.98,26.3,73.3,0,0.22,0.023,NIGHT_HOLD,PARK_ZERO,98
9.99,64.9,-11.7,-13.9,2.2,3751,3687,64,3719,9.9,0.94,9.31,11.24,40.2,51.7,1,2.12,0.129,MECHANICAL_JAM,STEP_CW,58
14.67,57.4,15.6,15.6,0.3,3949,3935,14,3942,10.48,1.2,12.58,12.46,35.7,44.9,0,0.21,0.023,NOMINAL,HOLD,96
12.88,73.0,5.1,5.1,0.0,3958,3958,-7,3958,10.55,0.68,7.17,9.12,37.1,56.5,0,0.21,0.023,BATTERY_UNDERVOLTAGE,HOLD,67
16.9,21.3,28.6,26.5,2.1,4008,3947,61,3977,10.48,0.47,4.93,12.24,32.9,47.9,1,1.51,0.03,NOMINAL,STEP_CW,100
13.0,72.4,5.8,5.8,0.3,3964,3972,-8,3968,10.47,1.49,15.6,12.53,38.7,41.5,0,0.22,0.027,NOMINAL,HOLD,95
15.41,47.1,19.9,19.9,0.0,3927,3930,4,3928,10.49,0.83,8.71,9.07,30.2,47.5,0,0.23,0.032,BATTERY_UNDERVOLTAGE,HOLD,71
14.03,64.7,11.8,11.8,0.2,3964,3968,-4,3966,10.6,1.31,13.89,12.59,36.5,43.1,0,0.23,0.03,NOMINAL,HOLD,96
13.08,72.0,6.3,6.3,0.1,3997,4006,-9,4001,10.61,1.5,15.91,12.52,37.5,41.0,0,0.24,0.026,NOMINAL,HOLD,98
7.84,34.7,-24.3,-24.3,0.0,4007,3954,-11,3980,10.21,0.87,8.88,9.53,31.3,53.9,0,0.19,0.026,BATTERY_UNDERVOLTAGE,HOLD,78
14.95,53.7,17.2,17.2,0.0,3980,3984,-4,3982,10.68,1.09,11.64,12.47,36.2,45.7,0,0.23,0.022,NOMINAL,HOLD,98
12.73,73.6,4.3,4.3,0.0,3875,3970,12,3922,10.25,0.36,3.69,11.7,34.7,43.9,0,0.23,0.033,SOILED_PANEL,HOLD,70
8.95,52.3,-17.8,-17.8,0.0,3985,3827,-8,3906,10.53,1.26,13.27,8.84,32.2,53.0,0,0.23,0.034,BATTERY_UNDERVOLTAGE,HOLD,67
5.5,0.0,0.0,-0.6,0.6,157,128,29,142,2.37,0.0,0.0,11.66,22.5,70.0,0,0.21,0.038,NIGHT_HOLD,PARK_ZERO,98
11.23,73.5,-4.5,-4.5,0.0,3839,3911,5,3875,9.66,0.52,5.02,11.72,39.1,41.6,0,0.23,0.031,SOILED_PANEL,HOLD,66
7.14,22.1,-28.3,-28.3,0.1,4026,4036,-10,4031,10.71,0.43,4.61,12.4,34.6,49.0,0,0.18,0.03,NOMINAL,HOLD,98
10.51,69.4,-8.7,-9.9,1.2,3904,3944,-40,3924,10.4,1.29,13.42,11.3,39.5,43.3,1,2.26,0.093,MECHANICAL_JAM,STEP_CCW,49
11.3,73.7,-4.1,-4.1,0.0,3942,3951,-9,3946,10.49,1.5,15.73,12.62,38.0,43.4,0,0.2,0.022,NOMINAL,HOLD,100
12.12,75.0,0.7,4.1,3.4,3923,3964,-41,3943,10.73,1.53,16.42,12.66,37.8,42.4,1,1.49,0.035,NOMINAL,STEP_CCW,97
12.3,74.8,1.7,1.7,0.2,3954,3962,-8,3958,10.48,1.51,15.82,12.59,37.8,43.0,0,0.22,0.031,NOMINAL,HOLD,100
5.5,0.0,0.0,-0.3,0.3,180,162,18,171,1.35,0.0,0.0,11.67,24.4,72.5,0,0.18,0.033,NIGHT_HOLD,PARK_ZERO,98
8.79,50.1,-18.7,-18.7,0.0,3862,3935,13,3898,10.32,1.21,12.49,9.74,34.4,47.4,0,0.21,0.036,BATTERY_UNDERVOLTAGE,HOLD,67
12.71,73.7,4.1,4.1,0.0,4008,4010,-2,4009,10.52,1.51,15.89,12.58,37.4,41.1,0,0.22,0.033,NOMINAL,HOLD,96
12.02,75.0,0.1,3.3,3.2,3947,3976,-29,3961,10.62,1.57,16.67,12.52,37.7,40.5,1,1.51,0.029,NOMINAL,STEP_CCW,99
14.75,56.4,16.0,14.1,1.9,3963,3908,55,3935,10.64,1.19,12.66,12.42,37.5,43.2,1,1.51,0.03,NOMINAL,STEP_CW,96
9.8,63.0,-12.8,-12.0,0.8,3878,3844,34,3861,10.52,1.13,11.89,11.68,42.8,47.3,1,2.28,0.146,MECHANICAL_JAM,STEP_CW,45
16.35,31.4,25.4,25.4,0.0,3994,4007,-13,4000,10.69,0.67,7.16,12.3,34.8,49.6,0,0.23,0.028,NOMINAL,HOLD,100
9.22,56.0,-16.2,-16.2,0.0,3996,3991,5,3993,10.51,1.18,12.4,12.54,36.2,44.9,0,0.24,0.029,NOMINAL,HOLD,99
12.45,74.5,2.6,2.6,0.2,4026,4035,-9,4030,10.68,1.55,16.55,12.64,37.7,42.9,0,0.18,0.032,NOMINAL,HOLD,99
12.51,74.3,3.0,3.0,0.0,3995,4023,-7,4009,10.17,1.33,13.53,11.98,52.6,33.7,0,0.26,0.037,THERMAL_OVERHEAT,HOLD,58
13.88,66.1,11.0,11.0,0.0,3978,3978,0,3978,10.64,1.37,14.58,12.54,37.5,41.8,0,0.23,0.029,NOMINAL,HOLD,98
17.47,10.4,31.9,31.9,0.1,3990,3985,5,3987,10.64,0.22,2.34,12.27,32.4,51.3,0,0.21,0.024,NOMINAL,HOLD,97
15.86,39.9,22.5,22.5,0.1,3964,3962,2,3963,10.71,0.85,9.1,12.34,35.1,45.8,0,0.23,0.027,NOMINAL,HOLD,100
10.99,72.4,-5.9,-5.9,0.0,3948,3937,10,3942,10.47,1.5,15.71,9.09,34.7,45.4,0,0.2,0.02,BATTERY_UNDERVOLTAGE,HOLD,74
12.84,73.2,4.9,4.9,0.0,4006,3900,-12,3953,9.56,0.41,3.92,12.07,39.9,42.5,0,0.21,0.029,SOILED_PANEL,HOLD,68
12.58,74.1,3.4,4.9,1.5,3921,3972,-51,3946,10.72,1.51,16.19,12.52,37.4,42.3,1,1.52,0.028,NOMINAL,STEP_CCW,99
13.33,70.5,7.7,4.5,3.2,3942,3884,58,3913,10.01,1.33,13.31,12.0,40.4,46.2,1,2.58,0.081,MECHANICAL_JAM,STEP_CW,59
16.57,27.5,26.6,26.6,0.1,3984,3977,7,3980,10.7,0.56,5.99,12.36,34.9,48.7,0,0.22,0.03,NOMINAL,HOLD,95
16.95,20.3,28.9,28.9,0.0,4012,4018,-6,4015,10.6,0.42,4.45,12.38,34.6,49.0,0,0.19,0.029,NOMINAL,HOLD,99
16.55,27.7,26.6,29.7,3.1,3958,4010,-52,3984,10.73,0.59,6.33,12.25,34.5,47.1,1,1.5,0.026,NOMINAL,STEP_CCW,100
10.39,68.4,-9.4,-9.4,0.0,3875,3877,-4,3876,9.34,0.56,5.23,11.43,35.9,50.0,0,0.25,0.031,SOILED_PANEL,HOLD,68
10.62,70.1,-8.1,-8.1,0.0,3956,3966,-10,3961,10.74,1.45,15.57,12.56,37.6,41.9,0,0.19,0.026,NOMINAL,HOLD,96
14.84,55.2,16.6,14.0,2.6,3810,3782,28,3796,10.55,1.22,12.87,11.44,42.3,44.6,1,2.27,0.143,MECHANICAL_JAM,STEP_CW,54
14.03,64.6,11.9,11.9,0.2,3995,3990,5,3992,10.5,1.35,14.18,12.49,36.6,41.4,0,0.2,0.032,NOMINAL,HOLD,96
14.29,62.0,13.3,13.3,0.0,3855,3826,-10,3840,10.55,1.36,14.35,9.4,30.0,48.7,0,0.19,0.024,BATTERY_UNDERVOLTAGE,HOLD,66
7.25,24.1,-27.7,-30.4,2.7,3968,3883,85,3925,10.61,0.47,4.99,12.38,34.0,49.0,1,1.57,0.024,NOMINAL,STEP_CW,97
14.34,61.4,13.6,13.6,0.1,4014,4023,-9,4018,10.52,1.29,13.57,12.46,37.6,42.2,0,0.22,0.022,NOMINAL,HOLD,99
10.68,70.6,-7.7,-7.7,0.0,3821,3914,-13,3867,10.23,1.42,14.53,9.33,35.1,50.4,0,0.22,0.025,BATTERY_UNDERVOLTAGE,HOLD,72
11.72,74.8,-1.7,-1.7,0.0,3995,3893,5,3944,10.31,1.27,13.09,9.1,37.0,56.0,0,0.23,0.026,BATTERY_UNDERVOLTAGE,HOLD,78
11.57,74.5,-2.5,-2.5,0.1,4013,4002,11,4007,10.55,1.56,16.46,12.62,37.0,41.0,0,0.21,0.028,NOMINAL,HOLD,95
9.0,53.0,-17.5,-19.5,2.0,3822,3789,33,3805,10.46,1.16,12.13,11.68,37.5,51.4,1,2.38,0.115,MECHANICAL_JAM,STEP_CW,50
12.62,74.0,3.6,3.6,0.1,4000,3997,3,3998,10.56,1.52,16.05,12.53,38.3,41.4,0,0.19,0.022,NOMINAL,HOLD,100
10.27,67.4,-10.1,-10.1,0.0,3969,3854,14,3911,10.36,0.73,7.56,9.61,36.3,45.8,0,0.21,0.037,BATTERY_UNDERVOLTAGE,HOLD,70
